"Labels","StartTime","Concentration","WFR","Defined","Comment","TimeStamp","Operator","Outlier"
"M LR-20240327-8 QC MM3","2024-03-28 11:54:20","4.35449767164328","87.0899534328657","5","","","","0"
"M LR-20240327-8 QC MM3","2024-03-28 10:49:01","3.95865315325686","79.1730630651372","5","","","","0"
"M LR-20240312-68 QC MM3","2024-03-12 14:33:52","6.04840509006458","120.968101801292","5","","","","0"
"M LR-20240308-23 QC MM3","2024-03-08 11:44:11","6.68853188302713","133.770637660543","5","RL / Kali","2024-03-11","Schützmann","0"
"M LR-20240308-22 QC MM3","2024-03-08 11:35:59","5.95248678021438","119.049735604288","5","RL","2024-03-11","Schützmann","0"
"M LR-20240305-8 QC MM3","2024-03-06 11:33:24","3.25447004990176","65.0894009980351","5","","","","0"
"M LR-20240213-493 QC MM3","2024-02-14 14:10:18","4.70712005473277","94.1424010946555","5","","","","0"
"M LR-20230727-89 QC MM3","2023-07-27 11:44:08","5.81415799764403","116.283159952881","5","neu","2023-07-28","Schützmann","0"
"M LR-20230727-89 QC MM3","2023-07-27 11:35:56","5.79751040177355","115.950208035471","5","","","","0"
"M LR-20230724-2994 QC MM3","2023-07-24 13:52:30","1.07579439759168","21.5158879518336","5","","","","0"
"M LR 20230522-92 QC MM3","2023-05-22 11:09:30","4.73672406513934","94.7344813027868","5","","","","0"
"M LR 20230421-30 QC MM3","2023-04-21 11:03:06","5.29951748092883","105.990349618577","5","","","","0"
"M LR 20230327-4 QC MM3","2023-03-30 12:39:37","5.33049393556141","106.609878711228","5","","","","0"
"M 230224/018 QC MM3","2023-03-14 10:39:25","6.30095078432277","126.019015686455","5","","","","0"
"M 230224/018 QC MM3","2023-03-08 10:18:16","5.80372314605354","116.074462921071","5","","","","0"
"M 230224/015 QC MM3","2023-03-02 12:15:03","4.27917240116376","85.5834480232751","5","","","","0"
"M 230203/056 QC MM3","2023-02-08 13:19:59","5.45598080866721","109.119616173344","5","","","","0"
"M 230203/053 QC MM3","2023-02-08 12:47:04","","","5","","","","0"
"M 230203/053 QC MM3","2023-02-08 12:38:51","4.91783404415442","98.3566808830885","5","v. 17.01.2023","2023-02-16","Schützmann","0"
"M 230117/003 QC MM3","2023-01-18 12:59:48","4.39806154238662","87.9612308477324","5","","","","0"
"M 230104/003 QC MM3","2023-01-05 11:07:45","3.68764029521795","73.752805904359","5","","","","0"
"M 221106/041 QC MM3","2022-12-12 13:40:17","5.98781712665259","119.756342533052","5","","","","0"
"M 221106/003 QC MM3","2022-12-08 13:38:44","5.99254379602932","119.850875920586","5","","","","0"
"M 221128/003 QC MM3","2022-11-29 12:38:24","3.14872064691058","62.9744129382117","5","","","","0"
"M 220902/003 QC MM3","2022-09-05 10:59:42","5.83292078505226","116.658415701045","5","","","","0"
"M 220802/003 QC MM3","2022-08-02 12:41:46","4.30637577390955","86.1275154781909","5","","","","0"
"M 220714/003 QC MM3","2022-07-14 10:05:20","5.69391726337027","113.878345267405","5","","","","0"
"M 220711/003 QC MM3","2022-07-11 11:49:57","5.83772764295946","116.754552859189","5","","","","0"
"M 220704/003 QC MM3","2022-07-04 12:31:09","5.8003072954503","116.006145909006","5","","","","0"
"M 220620/006 QC MM3","2022-06-20 12:14:22","4.97149601655923","99.4299203311845","5","","","","0"
"M 220530/027 QC MM3","2022-05-30 10:52:20","6.0525676268779","121.051352537558","5","","","","0"
"M 220516/066 QC MM3","2022-05-16 12:25:49","6.71694269445183","134.338853889037","5","","","","0"
"M 220505/010 QC MM3","2022-05-05 11:16:42","6.08243578935729","121.648715787146","5","","","","0"
"M 220425/003 QC MM3","2022-04-26 12:15:14","4.79374319406808","95.8748638813616","5","QC5 22.04.22","2022-04-29","Schützmann","0"
"M 220405/003 QC MM3","2022-04-05 11:11:59","5.95360418112338","119.072083622468","5","QC5","2022-04-11","Schützmann","0"
"M 220323/003 QC MM3","2022-03-25 11:24:40","5.97723429893975","119.544685978795","5","QC5","2022-03-25","Schützmann","0"
"M 220307/181 QC MM3","2022-03-07 13:46:30","5.07112429277585","101.422485855517","5","QC5","2022-03-15","Schützmann","0"
"M 220301/067 QC MM3","2022-03-01 11:04:13","5.27080468045021","105.416093609004","5","QC5","2022-03-03","Schützmann","0"
"M 220228/003 QC MM3","2022-02-28 11:31:44","5.88938041256947","117.787608251389","5","QC5","2022-03-03","Schützmann","0"
"M 220221/003 QC MM3","2022-02-21 10:52:38","5.07805257492803","101.561051498561","5","QC5","2022-02-22","Schützmann","0"
"M 220211/014 QC MM3","2022-02-11 10:35:39","4.47477092720397","89.4954185440795","5","QC5","2022-02-18","Schützmann","0"
"M 220127/003 QC MM3","2022-01-27 12:09:22","5.15566070010995","103.113214002199","5","QC5","2022-01-31","Schützmann","0"
"M 220119/006 QC MM3","2022-01-20 14:23:24","3.88610643260143","77.7221286520287","5","v. 19.01.2022 QC5","2022-01-25","Schastok","0"
"M 211220/003 QC MM3","2021-12-20 15:46:41","5.5237083288924","110.474166577848","5","","","","0"
"M QC MM3","2021-12-16 12:49:34","4.92578580434618","98.5157160869235","5","","","","0"
"M 211215/018 QC MM3","2021-12-15 11:49:55","6.35424451369209","127.084890273842","5","","","","0"
"M 211214/003 QC MM3","2021-12-14 11:46:25","5.86085147570347","117.217029514069","5","","","","0"
"M 211118/008 QC MM3","2021-12-09 13:56:21","4.83022058399743","96.6044116799486","5","v. 18.11.21","2021-12-10","Schützmann","0"
"M 211018/007 QC MM3 ","2021-10-18 15:12:14","6.37021205581561","127.404241116312","5","Aufgrund von Geräteschwierigkeiten konnten die Proben erst später am Tag gemessen werden","2021-10-19","Mönkemeyer","0"
"M 210628/008 QC MM3","2021-06-28 09:55:56","6.78076466151596","135.615293230319","5","Da ebenfalls der Cis-Pt VBW eine Erhöhung (<BG) im zutreffenden RT-Bereich zeigt, ist eine Kontamination der Probenpräparation mit Cis-Pt anzunehmen.","2021-06-29","Schastok","0"
"M 210624/004 QC MM3","2021-06-24 11:21:51","6.25582914682708","125.116582936542","5","Aufgrund von Intestitätsproblemen ist die QC zu hoch. Neue Ersatzteile für die ICP-MS wurden bestellt.","2021-06-24","Mönkemeyer","0"
"M 210623/002 QC MM3","2021-06-23 12:55:41","6.16396990967103","123.279398193421","5","","","","0"
"M 210421/006 QC MM3","2021-04-21 15:57:44","5.46207851635093","109.241570327019","5","","","","0"
"M 210420/003 QC MM3","2021-04-20 11:13:04","4.56354922655587","91.2709845311173","5","","","","0"
"M 210308/003 QC MM3","2021-03-08 12:44:40","4.25534392888985","85.106878577797","5","","","","0"
"M 210303/003 QC MM3","2021-03-03 10:39:08","5.18705323845091","103.741064769018","5","","","","0"
"M 210302/003 QC MM3","2021-03-02 10:18:02","4.59478260611859","91.8956521223717","5","","","","0"
"M 210217/008 QC MM3","2021-02-17 14:12:09","6.07417119546721","121.483423909344","5","","","","0"
"M 210125/013 QC MM3","2021-01-25 10:59:52","0.652684886725003","13.0536977345001","5","Einbruch der Empfindlichkeit nach erfolgreicher Kalibration","2021-01-26","Dronov","0"
"M 210118/016 QC MM3","2021-01-18 14:22:08","5.74163396867766","114.832679373553","5","","","","0"
"M 201215/14 QC MM3 5 v. 15.12.20","2020-12-15 14:40:50","5.41324434746177","108.264886949235","5","","","","0"
"M 201119/02 QC MM3","2020-11-19 12:18:10","7.05160951025211","141.032190205042","5","","","","0"
"M 201118/02 QC MM3","2020-11-18 14:09:48","53.0081425692152","96.3784410349368","55","QC Probe falsch angesetzt (Faktor 10 zu hoch); Wert akzeptiert, da Probenkonzentration <BG","2020-11-20","Sadlowski","0"
"M 201105/04 QC MM3","2020-11-05 11:21:58","4.92128075612476","98.4256151224953","5","","","","0"
"M 201022/08 QC MM3","2020-10-22 12:49:21","1.50256706549667","30.0513413099334","5","QC Standard ist aufgrund falscher Lagerbedingungen verfallen","2020-10-23","Dronov","0"
"M 200812/03 QC MM3","2020-08-12 09:35:40","4.94889200867098","98.9778401734196","5.0","","","","0"
"M 200806/48 QC MM3","2020-08-06 11:09:58","5.79143316776658","115.828663355332","5.0","","","","0"
"M 200723/52 QC MM3","2020-07-23 11:01:51","5.38125311092355","107.625062218471","5.0","","","","0"
"M 200605/03 QC MM3","2020-06-08 15:21:02","5.11859184555616","102.371836911123","5.0","","","","0"
"M 200519/21 QC MM3","2020-05-19 13:01:33","5.03271212812869","100.654242562574","5.0","","","","0"
"M 200420/05 QC MM3","2020-04-20 09:43:00","4.30448663910957","86.0897327821915","5.0","","","","0"
"M 200326/02 QC MM3","2020-03-26 10:54:09","4.2461564045518","84.923128091036","5.0","","","","0"
"M 200311/04 QC MM3","2020-03-11 11:56:27","4.91103456681738","98.2206913363475","5.0","","","","0"
"M 200206/46 QC MM3","2020-02-06 12:18:14","4.82290417605503","96.4580835211006","5.0","","","","0"
"M 200122/02 QC MM3","2020-01-22 10:50:42","4.85892200768135","97.1784401536271","5.0","","","","0"
"M 200115/18 QC MM3","2020-01-15 12:08:38","5.58998224665086","111.799644933017","5.0","","","","0"
"M 200109/55 QC MM3","2020-01-09 13:42:32","4.89697084760996","97.9394169521993","5.0","","","","0"
"M 191211/10 QC MM3.1","2019-12-11 11:00:46","5.22338973717488","104.467794743498","5.0","","","","0"
"M 191120/16 QC MM3.1","2019-11-20 11:54:44","5.99033501287538","119.806700257508","5.0","","","","0"
"M 191113/02 QC MM3.1","2019-11-13 10:26:25","4.82641406193257","96.5282812386514","5.0","","","","0"
"M 191112/07 QC MM3.1","2019-11-12 11:29:24","4.39664269678248","87.9328539356496","5.0","","","","0"
"M 191111/34 QC MM3.1","2019-11-11 12:34:34","3.98685217313361","79.7370434626722","5.0","","","","0"
"M 191031/02 QC MM3.1","2019-10-31 16:51:39","5.1640808015796","103.281616031592","5.0","","","","0"
"M 190904/02 QC MM3.1","2019-09-04 13:11:31","4.90622189743277","98.1244379486553","5.0","","","","0"
"M 190826/15 QC MM3.1","2019-08-26 13:11:36","4.73538660535514","94.7077321071027","5.0","","","","0"
"M 190502/05 QC MM3.1","2019-05-02 11:11:51","3.96642605548299","79.3285211096598","5.0","","","","0"
"M 190328/06 QC MM3.2","2019-03-28 12:54:15","4.46406514252203","89.2813028504405","5.0","","","","0"
"M 190208/02 QC MM3.1","2019-02-11 09:28:35","3.37077293468561","67.4154586937122","5.0","","","","0"
"M 190131/28 QC MM3.2","2019-01-31 14:33:27","4.77129928123138","95.4259856246277","5.0","","","","0"
"M 190117/03 QC MM3.2","2019-01-17 15:05:35","4.45998914049747","89.1997828099493","5.0","","","","0"
