"System","Cali.User.Selection","Analyt.User.Selection","Chromatography","Report.File","Cali.Default.File","SAA.Menue","FullName","Solids","Method","Element","Analyt","Signal.Name","SAA","Version","QC.Kind","QC.Name","QC.RegEx","Filename","Zielwert","Unsicherheit","LimitBG","Unit.Accept","QC.Norm","Unit.Norm","Datum.Val","Datum.Reval","Datum.Next.Reval","Operator.Reval","BGMethod","Significant.Digits","Alpha","Masse","UseMeans","UseIntCorr","outlier","BG.SAA","QC.Spike"
"eQuant (MS)",0,0,0,"Pt_Gesamt_Report.rmd",,"SAA 2.3.1 Pt-Gesamt","NA",0,"Pt-Gesamt","Pt","195Pt (mp_STD)","195Pt (mp_STD)","2.3.1","1","VBW","VBW","^M.+?QC VBW","SAA_2.3.1_VBW.csv",,,2,"ng/L",,,,,,"Sadlowski","Kaiser","2","0.01",195,1,1,0,1,0
"eQuant (MS)",0,0,0,"Pt_Gesamt_Report.rmd",,"SAA 2.3.1 Pt-Gesamt","NA",0,"Pt-Gesamt","Pt","195Pt (mp_STD)","195Pt (mp_STD)","2.3.1","1","QC","MM2_QC","^M.+?QC MM2","SAA_2.3.1_MM2_QC.csv",100,30,,"%",50,"ng/L",,,,"Sadlowski","Kaiser","2","0.01",195,1,1,0,1,0
"eQuant (MS)",0,0,0,"Pt_Gesamt_Report.rmd",,"SAA 2.3.1 Pt-Gesamt","NA",0,"Pt-Gesamt","Pt","195Pt (mp_STD)","195Pt (mp_STD)","2.3.1","1","QC","MM3_QC","^M.+?QC MM3","SAA_2.3.1_MM3_QC.csv",100,26.37,,"%",5000,"ng/L",,,,"Sadlowski","Kaiser","2","0.01",195,1,1,0,1,0
"tQuant (MS)",1,0,1,"Pt_Spezies_Report.rmd","SAA_2.3.2_Calibration.csv","SAA 2.3.2 Pt-Spezies",,0,"Pt-Spezies","Pt","Cis-Platin","195Pt (mp_STD)","2.3.2","3","VBW","CisPt_VBW","^M.+?QC VBW","SAA_2.3.2_CisPt_VBW.csv",,,0.1,"µg/L",,,,,,"Sadlowski","SN","2","0.01",195,0,0,0,1,0
"tQuant (MS)",1,0,1,"Pt_Spezies_Report.rmd","SAA_2.3.2_Calibration.csv","SAA 2.3.2 Pt-Spezies",,0,"Pt-Spezies","Pt","Carbo-Platin","195Pt (mp_STD)","2.3.2","3","VBW","CarboPt_VBW","^M.+?QC VBW","SAA_2.3.2_CarboPt_VBW.csv",,,0.1,"µg/L",,,,,,"Sadlowski","SN","2","0.01",195,0,0,0,1,0
"tQuant (MS)",1,0,1,"Pt_Spezies_Report.rmd","SAA_2.3.2_Calibration.csv","SAA 2.3.2 Pt-Spezies",,0,"Pt-Spezies","Pt","Oxali-Platin","195Pt (mp_STD)","2.3.2","3","VBW","OxaliPt_VBW","^M.+?QC VBW","SAA_2.3.2_OxaliPt_VBW.csv",,,0.1,"µg/L",,,,,,"Sadlowski","SN","2","0.01",195,0,0,0,1,0
"tQuant (MS)",1,0,1,"Pt_Spezies_Report.rmd","SAA_2.3.2_Calibration.csv","SAA 2.3.2 Pt-Spezies",,0,"Pt-Spezies","Pt","Cis-Platin","195Pt (mp_STD)","2.3.2","3","QC","CisPt_QC","^M.+?QC MM3","SAA_2.3.2_CisPt_QC.csv",89.8,34.1,,"%",5,"µg/L",,,,"Sadlowski","SN","2","0.01",195,0,0,0,1,0
"tQuant (MS)",1,0,1,"Pt_Spezies_Report.rmd","SAA_2.3.2_Calibration.csv","SAA 2.3.2 Pt-Spezies",,0,"Pt-Spezies","Pt","Carbo-Platin","195Pt (mp_STD)","2.3.2","3","QC","CarboPt_QC","^M.+?QC MM3","SAA_2.3.2_CarboPt_QC.csv",94.1,33.2,,"%",5,"µg/L",,,,"Sadlowski","SN","2","0.01",195,0,0,0,1,0
"tQuant (MS)",1,0,1,"Pt_Spezies_Report.rmd","SAA_2.3.2_Calibration.csv","SAA 2.3.2 Pt-Spezies",,0,"Pt-Spezies","Pt","Oxali-Platin","195Pt (mp_STD)","2.3.2","3","QC","OxaliPt_QC","^M.+?QC MM3","SAA_2.3.2_OxaliPt_QC.csv",84.9,34.5,,"%",5,"µg/L",,,,"Sadlowski","SN","2","0.01",195,0,0,0,1,0
"tQuant (MS)",1,0,1,"Br_BrO3_Report.rmd","SAA_1.4.3_Calibration.csv","SAA 1.4.3 Bromat/Bromid",,0,"Bromat/Bromid","Br","Bromat","79Br (sa-3V-H2)","1.4.3","1","VBW","Bromat VBW","^QC VBW","SAA_1.4.3_Bromat VBW.csv",,,1,"µg/L",,,,,,"Sadlowski","SN","2","0.01",81,0,0,0,1,1
"tQuant (MS)",1,0,1,"Br_BrO3_Report.rmd","SAA_1.4.3_Calibration.csv","SAA 1.4.3 Bromat/Bromid",,0,"Bromat/Bromid","Br","Bromid","79Br (sa-3V-H2)","1.4.3","1","VBW","Bromid VBW","^QC VBW","SAA_1.4.3_Bromid VBW.csv",,,1,"µg/L",,,,,,"Sadlowski","SN","2","0.01",81,0,0,0,1,1
"tQuant (MS)",1,0,1,"Br_BrO3_Report.rmd","SAA_1.4.3_Calibration.csv","SAA 1.4.3 Bromat/Bromid",,0,"Bromat/Bromid","Br","Bromat","79Br (sa-3V-H2)","1.4.3","1","QC","Bromat QC","^M.+?QC Spike","SAA_1.4.3_Bromat QC.csv",100,20,,"%",2.5,"µg/L",,,,"Sadlowski","SN","2","0.01",81,0,0,0,1,1
"tQuant (MS)",1,0,1,"Br_BrO3_Report.rmd","SAA_1.4.3_Calibration.csv","SAA 1.4.3 Bromat/Bromid",,0,"Bromat/Bromid","Br","Bromid","79Br (sa-3V-H2)","1.4.3","1","QC","Bromid QC","^M.+?QC Spike","SAA_1.4.3_Bromid QC.csv",100,20,,"%",50,"µg/L",,,,"Sadlowski","SN","2","0.01",81,0,0,0,1,1
"DMA80evo",0,0,0,"DMA80evo_Report.Rmd","SAA_5.1.3_Calibration.csv","SAA 5.1.3 Hg in Kohle DMA80evo",,1,"DMA","Hg","Hg",,"5.1.3","2","VBW","VBW","BW","SAA_5.1.3_VBW.csv",,,0.05,"ng",,,,,,"Sadlowski","DIN32645","3","0.01",,0,0,0,0,0
"DMA80evo",0,0,0,"DMA80evo_Report.Rmd","SAA_5.1.3_Calibration.csv","SAA 5.1.3 Hg in Kohle DMA80evo",,1,"DMA","Hg","Hg",,"5.1.3","2","QC","NIST 1632d Z0","^NIST 1632.+?d?Z0","SAA_5.1.3_QC_NIST_Zelle0.csv",100,10,,"%",92.8,"µg/kg",,,,"Sadlowski","DIN32645","3","0.01",,0,0,0,0,0
"DMA80evo",0,0,0,"DMA80evo_Report.Rmd","SAA_5.1.3_Calibration.csv","SAA 5.1.3 Hg in Kohle DMA80evo",,1,"DMA","Hg","Hg",,"5.1.3","2","QC","NIST 1632d Z1","^NIST 1632.+?d?Z1","SAA_5.1.3_QC_NIST_Zelle1.csv",100,10,,"%",92.8,"µg/kg",,,,"Sadlowski","DIN32645","3","0.01",,0,0,0,0,0
"iTeva",1,1,0,"iCAP_OES_Report.Rmd","SAA_5.1.1_Calibration.csv","SAA 5.1.1 ICP-OES Rest- & Brennstoffe (iTeva)",,1,"OES Brennstoffe","Al",,,"5.1.1","2","VBW","Al_VBW","VBW","SAA_5.1.1_Al_VBW.csv",,,10,"mg/kg",,,,,,"Sadlowski","Kaiser","3","0.01",,1,1,0,0,0
"iTeva",1,1,0,"iCAP_OES_Report.Rmd","SAA_5.1.1_Calibration.csv","SAA 5.1.1 ICP-OES Rest- & Brennstoffe (iTeva)",,1,"OES Brennstoffe","Al",,,"5.1.1","2","QC","Al_NBS1633c","^NBS 1633c.+?","SAA_5.1.1_Al_NBS1633c.csv",100,20,,"%",13.28,"%",,,,"Sadlowski","Kaiser","3","0.01",,1,1,0,0,0
"iTeva",1,1,0,"iCAP_OES_Report.Rmd","SAA_5.1.1_Calibration.csv","SAA 5.1.1 ICP-OES Rest- & Brennstoffe (iTeva)",,1,"OES Brennstoffe","As",,,"5.1.1","2","VBW","As_VBW",,"SAA_5.1.1_As_VBW.csv",,,10,"mg/kg",,,,,,"Sadlowski","Kaiser","3","0.01",,1,1,0,0,0
"iTeva",1,1,0,"iCAP_OES_Report.Rmd","SAA_5.1.1_Calibration.csv","SAA 5.1.1 ICP-OES Rest- & Brennstoffe (iTeva)",,1,"OES Brennstoffe","As",,,"5.1.1","2","QC","As_NBS1633c","^NBS 1633c.+?","SAA_5.1.1_As_NBS1633c.csv",100,20,,"%",186.2,"mg/kg",,,,"Sadlowski","Kaiser","3","0.01",,1,1,0,0,0
"iTeva",1,1,0,"iCAP_OES_Report.Rmd","SAA_5.1.1_Calibration.csv","SAA 5.1.1 ICP-OES Rest- & Brennstoffe (iTeva)",,1,"OES Brennstoffe","Ba",,,"5.1.1","2","VBW","Ba_VBW",,"SAA_5.1.1_Ba_VBW.csv",,,2.5,"mg/kg",,,,,,"Sadlowski","Kaiser","3","0.01",,1,1,0,0,0
"iTeva",1,1,0,"iCAP_OES_Report.Rmd","SAA_5.1.1_Calibration.csv","SAA 5.1.1 ICP-OES Rest- & Brennstoffe (iTeva)",,1,"OES Brennstoffe","Ba",,,"5.1.1","2","QC","Ba_NBS1633c","^NBS 1633c.+?","SAA_5.1.1_Ba_NBS1633c.csv",100,20,,"%",0.1126,"%",,,,"Sadlowski","Kaiser","3","0.01",,1,1,0,0,0
"iTeva",1,1,0,"iCAP_OES_Report.Rmd","SAA_5.1.1_Calibration.csv","SAA 5.1.1 ICP-OES Rest- & Brennstoffe (iTeva)",,1,"OES Brennstoffe","Ca",,,"5.1.1","2","VBW","Ca_VBW",,"SAA_5.1.1_Ca_VBW.csv",,,25,"mg/kg",,,,,,"Sadlowski","Kaiser","3","0.01",,1,1,0,0,0
"iTeva",1,1,0,"iCAP_OES_Report.Rmd","SAA_5.1.1_Calibration.csv","SAA 5.1.1 ICP-OES Rest- & Brennstoffe (iTeva)",,1,"OES Brennstoffe","Ca",,,"5.1.1","2","QC","Ca_NBS1633c","^NBS 1633c.+?","SAA_5.1.1_Ca_NBS1633c.csv",100,20,,"%",1365,"%",,,,"Sadlowski","Kaiser","3","0.01",,1,1,0,0,0
"iTeva",1,1,0,"iCAP_OES_Report.Rmd","SAA_5.1.1_Calibration.csv","SAA 5.1.1 ICP-OES Rest- & Brennstoffe (iTeva)",,1,"OES Brennstoffe","Cd",,,"5.1.1","2","VBW","Cd_VBW",,"SAA_5.1.1_Cd_VBW.csv",,,2.5,"mg/kg",,,,,,"Sadlowski","Kaiser","3","0.01",,1,1,0,0,0
"iTeva",1,1,0,"iCAP_OES_Report.Rmd","SAA_5.1.1_Calibration.csv","SAA 5.1.1 ICP-OES Rest- & Brennstoffe (iTeva)",,1,"OES Brennstoffe","Cd",,,"5.1.1","2","QC","Cd_NBS1633c","^NBS 1633c.+?","SAA_5.1.1_Cd_NBS1633c.csv",100,20,,"%",758,"mg/kg",,,,"Sadlowski","Kaiser","3","0.01",,1,1,0,0,0
"iTeva",1,1,0,"iCAP_OES_Report.Rmd","SAA_5.1.1_Calibration.csv","SAA 5.1.1 ICP-OES Rest- & Brennstoffe (iTeva)",,1,"OES Brennstoffe","Co",,,"5.1.1","2","VBW","Co_VBW",,"SAA_5.1.1_Co_VBW.csv",,,2.5,"mg/kg",,,,,,"Sadlowski","Kaiser","3","0.01",,1,1,0,0,0
"iTeva",1,1,0,"iCAP_OES_Report.Rmd","SAA_5.1.1_Calibration.csv","SAA 5.1.1 ICP-OES Rest- & Brennstoffe (iTeva)",,1,"OES Brennstoffe","Co",,,"5.1.1","2","QC","Co_NBS1633c","^NBS 1633c.+?","SAA_5.1.1_Co_NBS1633c.csv",100,20,,"%",42.9,"mg/kg",,,,"Sadlowski","Kaiser","3","0.01",,1,1,0,0,0
"iTeva",1,1,0,"iCAP_OES_Report.Rmd","SAA_5.1.1_Calibration.csv","SAA 5.1.1 ICP-OES Rest- & Brennstoffe (iTeva)",,1,"OES Brennstoffe","Cr",,,"5.1.1","2","VBW","Cr_VBW",,"SAA_5.1.1_Cr_VBW.csv",,,2.5,"mg/kg",,,,,,"Sadlowski","Kaiser","3","0.01",,1,1,0,0,0
"iTeva",1,1,0,"iCAP_OES_Report.Rmd","SAA_5.1.1_Calibration.csv","SAA 5.1.1 ICP-OES Rest- & Brennstoffe (iTeva)",,1,"OES Brennstoffe","Cr",,,"5.1.1","2","QC","Cr_NBS1633c","^NBS 1633c.+?","SAA_5.1.1_Cr_NBS1633c.csv",100,20,,"%",258,"mg/kg",,,,"Sadlowski","Kaiser","3","0.01",,1,1,0,0,0
"iTeva",1,1,0,"iCAP_OES_Report.Rmd","SAA_5.1.1_Calibration.csv","SAA 5.1.1 ICP-OES Rest- & Brennstoffe (iTeva)",,1,"OES Brennstoffe","Cu",,,"5.1.1","2","VBW","Cu_VBW",,"SAA_5.1.1_Cu_VBW.csv",,,2.5,"mg/kg",,,,,,"Sadlowski","Kaiser","3","0.01",,1,1,0,0,0
"iTeva",1,1,0,"iCAP_OES_Report.Rmd","SAA_5.1.1_Calibration.csv","SAA 5.1.1 ICP-OES Rest- & Brennstoffe (iTeva)",,1,"OES Brennstoffe","Cu",,,"5.1.1","2","QC","Cu_NBS1633c","^NBS 1633c.+?","SAA_5.1.1_Cu_NBS1633c.csv",100,20,,"%",173.7,"mg/kg",,,,"Sadlowski","Kaiser","3","0.01",,1,1,0,0,0
"iTeva",1,1,0,"iCAP_OES_Report.Rmd","SAA_5.1.1_Calibration.csv","SAA 5.1.1 ICP-OES Rest- & Brennstoffe (iTeva)",,1,"OES Brennstoffe","Fe",,,"5.1.1","2","VBW","Fe_VBW",,"SAA_5.1.1_Fe_VBW.csv",,,2.5,"mg/kg",,,,,,"Sadlowski","Kaiser","3","0.01",,1,1,0,0,0
"iTeva",1,1,0,"iCAP_OES_Report.Rmd","SAA_5.1.1_Calibration.csv","SAA 5.1.1 ICP-OES Rest- & Brennstoffe (iTeva)",,1,"OES Brennstoffe","Fe",,,"5.1.1","2","QC","Fe_NBS1633c","^NBS 1633c.+?","SAA_5.1.1_Fe_NBS1633c.csv",100,20,,"%",10.49,"%",,,,"Sadlowski","Kaiser","3","0.01",,1,1,0,0,0
"iTeva",1,1,0,"iCAP_OES_Report.Rmd","SAA_5.1.1_Calibration.csv","SAA 5.1.1 ICP-OES Rest- & Brennstoffe (iTeva)",,1,"OES Brennstoffe","K","K_7664_44","K_7664_44","5.1.1","2","VBW","K_VBW",,"SAA_5.1.1_K_VBW.csv",,,5,"mg/kg",,,,,,"Sadlowski","Kaiser","3","0.01",,1,1,0,0,0
"iTeva",1,1,0,"iCAP_OES_Report.Rmd","SAA_5.1.1_Calibration.csv","SAA 5.1.1 ICP-OES Rest- & Brennstoffe (iTeva)",,1,"OES Brennstoffe","K","K_7664_44","K_7664_44","5.1.1","2","QC","K_NBS1633c","^NBS 1633c.+?","SAA_5.1.1_K_NBS1633c.csv",100,20,,"%",1773,"%",,,,"Sadlowski","Kaiser","3","0.01",,1,1,0,0,0
"iTeva",1,1,0,"iCAP_OES_Report.Rmd","SAA_5.1.1_Calibration.csv","SAA 5.1.1 ICP-OES Rest- & Brennstoffe (iTeva)",,1,"OES Brennstoffe","Mg",,,"5.1.1","2","VBW","Mg_VBW",,"SAA_5.1.1_Mg_VBW.csv",,,2.5,"mg/kg",,,,,,"Sadlowski","Kaiser","3","0.01",,1,1,0,0,0
"iTeva",1,1,0,"iCAP_OES_Report.Rmd","SAA_5.1.1_Calibration.csv","SAA 5.1.1 ICP-OES Rest- & Brennstoffe (iTeva)",,1,"OES Brennstoffe","Mg",,,"5.1.1","2","QC","Mg_NBS1633c","^NBS 1633c.+?","SAA_5.1.1_Mg_NBS1633c.csv",100,20,,"%",498,"%",,,,"Sadlowski","Kaiser","3","0.01",,1,1,0,0,0
"iTeva",1,1,0,"iCAP_OES_Report.Rmd","SAA_5.1.1_Calibration.csv","SAA 5.1.1 ICP-OES Rest- & Brennstoffe (iTeva)",,1,"OES Brennstoffe","Mn",,,"5.1.1","2","VBW","Mn_VBW",,"SAA_5.1.1_Mn_VBW.csv",,,2.5,"mg/kg",,,,,,"Sadlowski","Kaiser","3","0.01",,1,1,0,0,0
"iTeva",1,1,0,"iCAP_OES_Report.Rmd","SAA_5.1.1_Calibration.csv","SAA 5.1.1 ICP-OES Rest- & Brennstoffe (iTeva)",,1,"OES Brennstoffe","Mn",,,"5.1.1","2","QC","Mn_NBS1633c","^NBS 1633c.+?","SAA_5.1.1_Mn_NBS1633c.csv",100,20,,"%",240.2,"mg/kg",,,,"Sadlowski","Kaiser","3","0.01",,1,1,0,0,0
"iTeva",1,1,0,"iCAP_OES_Report.Rmd","SAA_5.1.1_Calibration.csv","SAA 5.1.1 ICP-OES Rest- & Brennstoffe (iTeva)",,1,"OES Brennstoffe","Na",,,"5.1.1","2","VBW","Na_VBW",,"SAA_5.1.1_Na_VBW.csv",,,10,"mg/kg",,,,,,"Sadlowski","Kaiser","3","0.01",,1,1,0,0,0
"iTeva",1,1,0,"iCAP_OES_Report.Rmd","SAA_5.1.1_Calibration.csv","SAA 5.1.1 ICP-OES Rest- & Brennstoffe (iTeva)",,1,"OES Brennstoffe","Na",,,"5.1.1","2","QC","Na_NBS1633c","^NBS 1633c.+?","SAA_5.1.1_Na_NBS1633c.csv",100,20,,"%",0.1707,"%",,,,"Sadlowski","Kaiser","3","0.01",,1,1,0,0,0
"iTeva",1,1,0,"iCAP_OES_Report.Rmd","SAA_5.1.1_Calibration.csv","SAA 5.1.1 ICP-OES Rest- & Brennstoffe (iTeva)",,1,"OES Brennstoffe","Ni",,,"5.1.1","2","VBW","Ni_VBW",,"SAA_5.1.1_Ni_VBW.csv",,,5,"mg/kg",,,,,,"Sadlowski","Kaiser","3","0.01",,1,1,0,0,0
"iTeva",1,1,0,"iCAP_OES_Report.Rmd","SAA_5.1.1_Calibration.csv","SAA 5.1.1 ICP-OES Rest- & Brennstoffe (iTeva)",,1,"OES Brennstoffe","Ni",,,"5.1.1","2","QC","Ni_NBS1633c","^NBS 1633c.+?","SAA_5.1.1_Ni_NBS1633c.csv",100,20,,"%",132,"mg/kg",,,,"Sadlowski","Kaiser","3","0.01",,1,1,0,0,0
"iTeva",1,1,0,"iCAP_OES_Report.Rmd","SAA_5.1.1_Calibration.csv","SAA 5.1.1 ICP-OES Rest- & Brennstoffe (iTeva)",,1,"OES Brennstoffe","P",,,"5.1.1","2","VBW","P_VBW",,"SAA_5.1.1_P_VBW.csv",,,10,"mg/kg",,,,,,"Sadlowski","Kaiser","3","0.01",,1,1,0,0,0
"iTeva",1,1,0,"iCAP_OES_Report.Rmd","SAA_5.1.1_Calibration.csv","SAA 5.1.1 ICP-OES Rest- & Brennstoffe (iTeva)",,1,"OES Brennstoffe","P",,,"5.1.1","2","QC","P_NBS1633c","^NBS 1633c.+?","SAA_5.1.1_P_NBS1633c.csv",100,20,,"%",192,"%",,,,"Sadlowski","Kaiser","3","0.01",,1,1,0,0,0
"iTeva",1,1,0,"iCAP_OES_Report.Rmd","SAA_5.1.1_Calibration.csv","SAA 5.1.1 ICP-OES Rest- & Brennstoffe (iTeva)",,1,"OES Brennstoffe","Pb","Pb2203_453","Pb2203_453","5.1.1","2","VBW","Pb_VBW",,"SAA_5.1.1_Pb_VBW.csv",,,10,"mg/kg",,,,,,"Sadlowski","Kaiser","3","0.01",,1,1,0,0,0
"iTeva",1,1,0,"iCAP_OES_Report.Rmd","SAA_5.1.1_Calibration.csv","SAA 5.1.1 ICP-OES Rest- & Brennstoffe (iTeva)",,1,"OES Brennstoffe","Pb","Pb2203_453","Pb2203_453","5.1.1","2","QC","Pb_NBS1633c","^NBS 1633c.+?","SAA_5.1.1_Pb_NBS1633c.csv",100,20,,"%",95.2,"mg/kg",,,,"Sadlowski","Kaiser","3","0.01",,1,1,0,0,0
"iTeva",1,1,0,"iCAP_OES_Report.Rmd","SAA_5.1.1_Calibration.csv","SAA 5.1.1 ICP-OES Rest- & Brennstoffe (iTeva)",,1,"OES Brennstoffe","Sb",,,"5.1.1","2","VBW","Sb_VBW",,"SAA_5.1.1_Sb_VBW.csv",,,10,"mg/kg",,,,,,"Sadlowski","Kaiser","3","0.01",,1,1,0,0,0
"iTeva",1,1,0,"iCAP_OES_Report.Rmd","SAA_5.1.1_Calibration.csv","SAA 5.1.1 ICP-OES Rest- & Brennstoffe (iTeva)",,1,"OES Brennstoffe","Sb",,,"5.1.1","2","QC","Sb_NBS1633c","^NBS 1633c.+?","SAA_5.1.1_Sb_NBS1633c.csv",100,20,,"%",8.56,"mg/kg",,,,"Sadlowski","Kaiser","3","0.01",,1,1,0,0,0
"iTeva",1,1,0,"iCAP_OES_Report.Rmd","SAA_5.1.1_Calibration.csv","SAA 5.1.1 ICP-OES Rest- & Brennstoffe (iTeva)",,1,"OES Brennstoffe","Se","Se1960_472","Se1960_472","5.1.1","2","VBW","Se_VBW",,"SAA_5.1.1_Se_VBW.csv",,,10,"mg/kg",,,,,,"Sadlowski","Kaiser","3","0.01",,1,1,0,0,0
"iTeva",1,1,0,"iCAP_OES_Report.Rmd","SAA_5.1.1_Calibration.csv","SAA 5.1.1 ICP-OES Rest- & Brennstoffe (iTeva)",,1,"OES Brennstoffe","Se","Se1960_472","Se1960_472","5.1.1","2","QC","Se_NBS1633c","^NBS 1633c.+?","SAA_5.1.1_Se_NBS1633c.csv",100,20,,"%",13.9,"mg/kg",,,,"Sadlowski","Kaiser","3","0.01",,1,1,0,0,0
"iTeva",1,1,0,"iCAP_OES_Report.Rmd","SAA_5.1.1_Calibration.csv","SAA 5.1.1 ICP-OES Rest- & Brennstoffe (iTeva)",,1,"OES Brennstoffe","Sn","Sn1899_478","Sn1899_478","5.1.1","2","VBW","Sn_VBW",,"SAA_5.1.1_Sn_VBW.csv",,,10,"mg/kg",,,,,,"Sadlowski","Kaiser","3","0.01",,1,1,0,0,0
"iTeva",1,1,0,"iCAP_OES_Report.Rmd","SAA_5.1.1_Calibration.csv","SAA 5.1.1 ICP-OES Rest- & Brennstoffe (iTeva)",,1,"OES Brennstoffe","Sr",,,"5.1.1","2","VBW","Sr_VBW",,"SAA_5.1.1_Sr_VBW.csv",,,2.5,"mg/kg",,,,,,"Sadlowski","Kaiser","3","0.01",,1,1,0,0,0
"iTeva",1,1,0,"iCAP_OES_Report.Rmd","SAA_5.1.1_Calibration.csv","SAA 5.1.1 ICP-OES Rest- & Brennstoffe (iTeva)",,1,"OES Brennstoffe","Sr",,,"5.1.1","2","QC","Sr_NBS1633c","^NBS 1633c.+?","SAA_5.1.1_Sr_NBS1633c.csv",100,20,,"%",901,"mg/kg",,,,"Sadlowski","Kaiser","3","0.01",,1,1,0,0,0
"iTeva",1,1,0,"iCAP_OES_Report.Rmd","SAA_5.1.1_Calibration.csv","SAA 5.1.1 ICP-OES Rest- & Brennstoffe (iTeva)",,1,"OES Brennstoffe","Ti",,,"5.1.1","2","VBW","Ti_VBW",,"SAA_5.1.1_Ti_VBW.csv",,,2.5,"mg/kg",,,,,,"Sadlowski","Kaiser","3","0.01",,1,1,0,0,0
"iTeva",1,1,0,"iCAP_OES_Report.Rmd","SAA_5.1.1_Calibration.csv","SAA 5.1.1 ICP-OES Rest- & Brennstoffe (iTeva)",,1,"OES Brennstoffe","Ti",,,"5.1.1","2","QC","Ti_NBS1633c","^NBS 1633c.+?","SAA_5.1.1_Ti_NBS1633c.csv",100,20,,"%",724,"%",,,,"Sadlowski","Kaiser","3","0.01",,1,1,0,0,0
"iTeva",1,1,0,"iCAP_OES_Report.Rmd","SAA_5.1.1_Calibration.csv","SAA 5.1.1 ICP-OES Rest- & Brennstoffe (iTeva)",,1,"OES Brennstoffe","Tl",,,"5.1.1","2","VBW","Tl_VBW",,"SAA_5.1.1_Tl_VBW.csv",,,10,"mg/kg",,,,,,"Sadlowski","Kaiser","3","0.01",,1,1,0,0,0
"iTeva",1,1,0,"iCAP_OES_Report.Rmd","SAA_5.1.1_Calibration.csv","SAA 5.1.1 ICP-OES Rest- & Brennstoffe (iTeva)",,1,"OES Brennstoffe","V",,,"5.1.1","2","VBW","V_VBW",,"SAA_5.1.1_V_VBW.csv",,,2.5,"mg/kg",,,,,,"Sadlowski","Kaiser","3","0.01",,1,1,0,0,0
"iTeva",1,1,0,"iCAP_OES_Report.Rmd","SAA_5.1.1_Calibration.csv","SAA 5.1.1 ICP-OES Rest- & Brennstoffe (iTeva)",,1,"OES Brennstoffe","V",,,"5.1.1","2","QC","V_NBS1633c","^NBS 1633c.+?","SAA_5.1.1_V_NBS1633c.csv",100,20,,"%",286.2,"mg/kg",,,,"Sadlowski","Kaiser","3","0.01",,1,1,0,0,0
"iTeva",1,1,0,"iCAP_OES_Report.Rmd","SAA_5.1.1_Calibration.csv","SAA 5.1.1 ICP-OES Rest- & Brennstoffe (iTeva)",,1,"OES Brennstoffe","Zn",,,"5.1.1","2","VBW","Zn_VBW",,"SAA_5.1.1_Zn_VBW.csv",,,2.5,"mg/kg",,,,,,"Sadlowski","Kaiser","3","0.01",,1,1,0,0,0
"iTeva",1,1,0,"iCAP_OES_Report.Rmd","SAA_5.1.1_Calibration.csv","SAA 5.1.1 ICP-OES Rest- & Brennstoffe (iTeva)",,1,"OES Brennstoffe","Zn",,,"5.1.1","2","QC","Zn_NBS1633c","^NBS 1633c.+?","SAA_5.1.1_Zn_NBS1633c.csv",100,20,,"%",235,"mg/kg",,,,"Sadlowski","Kaiser","3","0.01",,1,1,0,0,0
"iTeva",1,1,0,"iCAP_OES_Report.Rmd","SAA_1.5.1_Calibration.csv","SAA 1.5.1 ICP-OES in wässriger Matrix (iTeva)",,0,"OES Wasser","Ag",,,"1.5.1","1","VBW","Ag_VBW","^QC VBW","SAA_1.5.1_Ag_VBW.csv",,,10,"µg/L",,,,,,"Sadlowski","Kaiser","2","0.01",,1,1,0,0,1
"iTeva",1,1,0,"iCAP_OES_Report.Rmd","SAA_1.5.1_Calibration.csv","SAA 1.5.1 ICP-OES in wässriger Matrix (iTeva)",,0,"OES Wasser","Ag",,,"1.5.1","1","QC","Ag_QC","^M.+?QC Spike","SAA_1.5.1_Ag_QC.csv",95,15,,"%",,,,,,"Sadlowski","Kaiser","2","0.01",,1,1,0,0,1
"iTeva",1,1,0,"iCAP_OES_Report.Rmd","SAA_1.5.1_Calibration.csv","SAA 1.5.1 ICP-OES in wässriger Matrix (iTeva)",,0,"OES Wasser","Al",,,"1.5.1","1","VBW","Al_VBW","^QC VBW","SAA_1.5.1_Al_VBW.csv",,,20,"µg/L",,,,,,"Sadlowski","Kaiser","2","0.01",,1,1,0,0,1
"iTeva",1,1,0,"iCAP_OES_Report.Rmd","SAA_1.5.1_Calibration.csv","SAA 1.5.1 ICP-OES in wässriger Matrix (iTeva)",,0,"OES Wasser","Al",,,"1.5.1","1","QC","Al_QC","^M.+?QC Spike","SAA_1.5.1_Al_QC.csv",100,15,,"%",,,,,,"Sadlowski","Kaiser","2","0.01",,1,1,0,0,1
"iTeva",1,1,0,"iCAP_OES_Report.Rmd","SAA_1.5.1_Calibration.csv","SAA 1.5.1 ICP-OES in wässriger Matrix (iTeva)",,0,"OES Wasser","As",,,"1.5.1","1","VBW","As_VBW","^QC VBW","SAA_1.5.1_As_VBW.csv",,,20,"µg/L",,,,,,"Sadlowski","Kaiser","2","0.01",,1,1,0,0,1
"iTeva",1,1,0,"iCAP_OES_Report.Rmd","SAA_1.5.1_Calibration.csv","SAA 1.5.1 ICP-OES in wässriger Matrix (iTeva)",,0,"OES Wasser","As",,,"1.5.1","1","QC","As_QC","^M.+?QC Spike","SAA_1.5.1_As_QC.csv",95,15,,"%",,,,,,"Sadlowski","Kaiser","2","0.01",,1,1,0,0,1
"iTeva",1,1,0,"iCAP_OES_Report.Rmd","SAA_1.5.1_Calibration.csv","SAA 1.5.1 ICP-OES in wässriger Matrix (iTeva)",,0,"OES Wasser","B",,,"1.5.1","1","VBW","B_VBW","^QC VBW","SAA_1.5.1_B_VBW.csv",,,20,"µg/L",,,,,,"Sadlowski","Kaiser","2","0.01",,1,1,0,0,1
"iTeva",1,1,0,"iCAP_OES_Report.Rmd","SAA_1.5.1_Calibration.csv","SAA 1.5.1 ICP-OES in wässriger Matrix (iTeva)",,0,"OES Wasser","B",,,"1.5.1","1","QC","B_QC","^M.+?QC Spike","SAA_1.5.1_B_QC.csv",95,15,,"%",,,,,,"Sadlowski","Kaiser","2","0.01",,1,1,0,0,1
"iTeva",1,1,0,"iCAP_OES_Report.Rmd","SAA_1.5.1_Calibration.csv","SAA 1.5.1 ICP-OES in wässriger Matrix (iTeva)",,0,"OES Wasser","Ba",,,"1.5.1","1","VBW","Ba_VBW","^QC VBW","SAA_1.5.1_Ba_VBW.csv",,,5,"µg/L",,,,,,"Sadlowski","Kaiser","2","0.01",,1,1,0,0,1
"iTeva",1,1,0,"iCAP_OES_Report.Rmd","SAA_1.5.1_Calibration.csv","SAA 1.5.1 ICP-OES in wässriger Matrix (iTeva)",,0,"OES Wasser","Ba",,,"1.5.1","1","QC","Ba_QC","^M.+?QC Spike","SAA_1.5.1_Ba_QC.csv",100,15,,"%",,,,,,"Sadlowski","Kaiser","2","0.01",,1,1,0,0,1
"iTeva",1,1,0,"iCAP_OES_Report.Rmd","SAA_1.5.1_Calibration.csv","SAA 1.5.1 ICP-OES in wässriger Matrix (iTeva)",,0,"OES Wasser","Be",,,"1.5.1","1","VBW","Be_VBW","^QC VBW","SAA_1.5.1_Be_VBW.csv",,,5,"µg/L",,,,,,"Sadlowski","Kaiser","2","0.01",,1,1,0,0,1
"iTeva",1,1,0,"iCAP_OES_Report.Rmd","SAA_1.5.1_Calibration.csv","SAA 1.5.1 ICP-OES in wässriger Matrix (iTeva)",,0,"OES Wasser","Be",,,"1.5.1","1","QC","Be_QC","^M.+?QC Spike","SAA_1.5.1_Be_QC.csv",90,15,,"%",,,,,,"Sadlowski","Kaiser","2","0.01",,1,1,0,0,1
"iTeva",1,1,0,"iCAP_OES_Report.Rmd","SAA_1.5.1_Calibration.csv","SAA 1.5.1 ICP-OES in wässriger Matrix (iTeva)",,0,"OES Wasser","Bi",,,"1.5.1","1","VBW","Bi_VBW","^QC VBW","SAA_1.5.1_Bi_VBW.csv",,,20,"µg/L",,,,,,"Sadlowski","Kaiser","2","0.01",,1,1,0,0,1
"iTeva",1,1,0,"iCAP_OES_Report.Rmd","SAA_1.5.1_Calibration.csv","SAA 1.5.1 ICP-OES in wässriger Matrix (iTeva)",,0,"OES Wasser","Bi",,,"1.5.1","1","QC","Bi_QC","^M.+?QC Spike","SAA_1.5.1_Bi_QC.csv",100,15,,"%",,,,,,"Sadlowski","Kaiser","2","0.01",,1,1,0,0,1
"iTeva",1,1,0,"iCAP_OES_Report.Rmd","SAA_1.5.1_Calibration.csv","SAA 1.5.1 ICP-OES in wässriger Matrix (iTeva)",,0,"OES Wasser","Ca",,,"1.5.1","1","VBW","Ca_VBW","^QC VBW","SAA_1.5.1_Ca_VBW.csv",,,50,"µg/L",,,,,,"Sadlowski","Kaiser","2","0.01",,1,1,0,0,1
"iTeva",1,1,0,"iCAP_OES_Report.Rmd","SAA_1.5.1_Calibration.csv","SAA 1.5.1 ICP-OES in wässriger Matrix (iTeva)",,0,"OES Wasser","Ca",,,"1.5.1","1","QC","Ca_QC","^M.+?QC Spike","SAA_1.5.1_Ca_QC.csv",100,15,,"%",,,,,,"Sadlowski","Kaiser","2","0.01",,1,1,0,0,1
"iTeva",1,1,0,"iCAP_OES_Report.Rmd","SAA_1.5.1_Calibration.csv","SAA 1.5.1 ICP-OES in wässriger Matrix (iTeva)",,0,"OES Wasser","Cd",,,"1.5.1","1","VBW","Cd_VBW","^QC VBW","SAA_1.5.1_Cd_VBW.csv",,,5,"µg/L",,,,,,"Sadlowski","Kaiser","2","0.01",,1,1,0,0,1
"iTeva",1,1,0,"iCAP_OES_Report.Rmd","SAA_1.5.1_Calibration.csv","SAA 1.5.1 ICP-OES in wässriger Matrix (iTeva)",,0,"OES Wasser","Cd",,,"1.5.1","1","QC","Cd_QC","^M.+?QC Spike","SAA_1.5.1_Cd_QC.csv",100,15,,"%",,,,,,"Sadlowski","Kaiser","2","0.01",,1,1,0,0,1
"iTeva",1,1,0,"iCAP_OES_Report.Rmd","SAA_1.5.1_Calibration.csv","SAA 1.5.1 ICP-OES in wässriger Matrix (iTeva)",,0,"OES Wasser","Co",,,"1.5.1","1","VBW","Co_VBW","^QC VBW","SAA_1.5.1_Co_VBW.csv",,,5,"µg/L",,,,,,"Sadlowski","Kaiser","2","0.01",,1,1,0,0,1
"iTeva",1,1,0,"iCAP_OES_Report.Rmd","SAA_1.5.1_Calibration.csv","SAA 1.5.1 ICP-OES in wässriger Matrix (iTeva)",,0,"OES Wasser","Co",,,"1.5.1","1","QC","Co_QC","^M.+?QC Spike","SAA_1.5.1_Co_QC.csv",95,15,,"%",,,,,,"Sadlowski","Kaiser","2","0.01",,1,1,0,0,1
"iTeva",1,1,0,"iCAP_OES_Report.Rmd","SAA_1.5.1_Calibration.csv","SAA 1.5.1 ICP-OES in wässriger Matrix (iTeva)",,0,"OES Wasser","Cr",,,"1.5.1","1","VBW","Cr_VBW","^QC VBW","SAA_1.5.1_Cr_VBW.csv",,,5,"µg/L",,,,,,"Sadlowski","Kaiser","2","0.01",,1,1,0,0,1
"iTeva",1,1,0,"iCAP_OES_Report.Rmd","SAA_1.5.1_Calibration.csv","SAA 1.5.1 ICP-OES in wässriger Matrix (iTeva)",,0,"OES Wasser","Cr",,,"1.5.1","1","QC","Cr_QC","^M.+?QC Spike","SAA_1.5.1_Cr_QC.csv",100,15,,"%",,,,,,"Sadlowski","Kaiser","2","0.01",,1,1,0,0,1
"iTeva",1,1,0,"iCAP_OES_Report.Rmd","SAA_1.5.1_Calibration.csv","SAA 1.5.1 ICP-OES in wässriger Matrix (iTeva)",,0,"OES Wasser","Cu",,,"1.5.1","1","VBW","Cu_VBW","^QC VBW","SAA_1.5.1_Cu_VBW.csv",,,5,"µg/L",,,,,,"Sadlowski","Kaiser","2","0.01",,1,1,0,0,1
"iTeva",1,1,0,"iCAP_OES_Report.Rmd","SAA_1.5.1_Calibration.csv","SAA 1.5.1 ICP-OES in wässriger Matrix (iTeva)",,0,"OES Wasser","Cu",,,"1.5.1","1","QC","Cu_QC","^M.+?QC Spike","SAA_1.5.1_Cu_QC.csv",95,15,,"%",,,,,,"Sadlowski","Kaiser","2","0.01",,1,1,0,0,1
"iTeva",1,1,0,"iCAP_OES_Report.Rmd","SAA_1.5.1_Calibration.csv","SAA 1.5.1 ICP-OES in wässriger Matrix (iTeva)",,0,"OES Wasser","Fe",,,"1.5.1","1","VBW","Fe_VBW","^QC VBW","SAA_1.5.1_Fe_VBW.csv",,,5,"µg/L",,,,,,"Sadlowski","Kaiser","2","0.01",,1,1,0,0,1
"iTeva",1,1,0,"iCAP_OES_Report.Rmd","SAA_1.5.1_Calibration.csv","SAA 1.5.1 ICP-OES in wässriger Matrix (iTeva)",,0,"OES Wasser","Fe",,,"1.5.1","1","QC","Fe_QC","^M.+?QC Spike","SAA_1.5.1_Fe_QC.csv",100,15,,"%",,,,,,"Sadlowski","Kaiser","2","0.01",,1,1,0,0,1
"iTeva",1,1,0,"iCAP_OES_Report.Rmd","SAA_1.5.1_Calibration.csv","SAA 1.5.1 ICP-OES in wässriger Matrix (iTeva)",,0,"OES Wasser","K",,,"1.5.1","1","VBW","K_VBW","^QC VBW","SAA_1.5.1_K_VBW.csv",,,10,"µg/L",,,,,,"Sadlowski","Kaiser","2","0.01",,1,1,0,0,1
"iTeva",1,1,0,"iCAP_OES_Report.Rmd","SAA_1.5.1_Calibration.csv","SAA 1.5.1 ICP-OES in wässriger Matrix (iTeva)",,0,"OES Wasser","K",,,"1.5.1","1","QC","K_QC","^M.+?QC Spike","SAA_1.5.1_K_QC.csv",100,15,,"%",,,,,,"Sadlowski","Kaiser","2","0.01",,1,1,0,0,1
"iTeva",1,1,0,"iCAP_OES_Report.Rmd","SAA_1.5.1_Calibration.csv","SAA 1.5.1 ICP-OES in wässriger Matrix (iTeva)",,0,"OES Wasser","Li",,,"1.5.1","1","VBW","Li_VBW","^QC VBW","SAA_1.5.1_Li_VBW.csv",,,5,"µg/L",,,,,,"Sadlowski","Kaiser","2","0.01",,1,1,0,0,1
"iTeva",1,1,0,"iCAP_OES_Report.Rmd","SAA_1.5.1_Calibration.csv","SAA 1.5.1 ICP-OES in wässriger Matrix (iTeva)",,0,"OES Wasser","Li",,,"1.5.1","1","QC","Li_QC","^M.+?QC Spike","SAA_1.5.1_Li_QC.csv",100,15,,"%",,,,,,"Sadlowski","Kaiser","2","0.01",,1,1,0,0,1
"iTeva",1,1,0,"iCAP_OES_Report.Rmd","SAA_1.5.1_Calibration.csv","SAA 1.5.1 ICP-OES in wässriger Matrix (iTeva)",,0,"OES Wasser","Mg",,,"1.5.1","1","VBW","Mg_VBW","^QC VBW","SAA_1.5.1_Mg_VBW.csv",,,5,"µg/L",,,,,,"Sadlowski","Kaiser","2","0.01",,1,1,0,0,1
"iTeva",1,1,0,"iCAP_OES_Report.Rmd","SAA_1.5.1_Calibration.csv","SAA 1.5.1 ICP-OES in wässriger Matrix (iTeva)",,0,"OES Wasser","Mg",,,"1.5.1","1","QC","Mg_QC","^M.+?QC Spike","SAA_1.5.1_Mg_QC.csv",100,15,,"%",,,,,,"Sadlowski","Kaiser","2","0.01",,1,1,0,0,1
"iTeva",1,1,0,"iCAP_OES_Report.Rmd","SAA_1.5.1_Calibration.csv","SAA 1.5.1 ICP-OES in wässriger Matrix (iTeva)",,0,"OES Wasser","Mn",,,"1.5.1","1","VBW","Mn_VBW","^QC VBW","SAA_1.5.1_Mn_VBW.csv",,,5,"µg/L",,,,,,"Sadlowski","Kaiser","2","0.01",,1,1,0,0,1
"iTeva",1,1,0,"iCAP_OES_Report.Rmd","SAA_1.5.1_Calibration.csv","SAA 1.5.1 ICP-OES in wässriger Matrix (iTeva)",,0,"OES Wasser","Mn",,,"1.5.1","1","QC","Mn_QC","^M.+?QC Spike","SAA_1.5.1_Mn_QC.csv",95,15,,"%",,,,,,"Sadlowski","Kaiser","2","0.01",,1,1,0,0,1
"iTeva",1,1,0,"iCAP_OES_Report.Rmd","SAA_1.5.1_Calibration.csv","SAA 1.5.1 ICP-OES in wässriger Matrix (iTeva)",,0,"OES Wasser","Mo",,,"1.5.1","1","VBW","Mo_VBW","^QC VBW","SAA_1.5.1_Mo_VBW.csv",,,10,"µg/L",,,,,,"Sadlowski","Kaiser","2","0.01",,1,1,0,0,1
"iTeva",1,1,0,"iCAP_OES_Report.Rmd","SAA_1.5.1_Calibration.csv","SAA 1.5.1 ICP-OES in wässriger Matrix (iTeva)",,0,"OES Wasser","Mo",,,"1.5.1","1","QC","Mo_QC","^M.+?QC Spike","SAA_1.5.1_Mo_QC.csv",90,15,,"%",,,,,,"Sadlowski","Kaiser","2","0.01",,1,1,0,0,1
"iTeva",1,1,0,"iCAP_OES_Report.Rmd","SAA_1.5.1_Calibration.csv","SAA 1.5.1 ICP-OES in wässriger Matrix (iTeva)",,0,"OES Wasser","Na",,,"1.5.1","1","VBW","Na_VBW","^QC VBW","SAA_1.5.1_Na_VBW.csv",,,20,"µg/L",,,,,,"Sadlowski","Kaiser","2","0.01",,1,1,0,0,1
"iTeva",1,1,0,"iCAP_OES_Report.Rmd","SAA_1.5.1_Calibration.csv","SAA 1.5.1 ICP-OES in wässriger Matrix (iTeva)",,0,"OES Wasser","Na",,,"1.5.1","1","QC","Na_QC","^M.+?QC Spike","SAA_1.5.1_Na_QC.csv",100,15,,"%",,,,,,"Sadlowski","Kaiser","2","0.01",,1,1,0,0,1
"iTeva",1,1,0,"iCAP_OES_Report.Rmd","SAA_1.5.1_Calibration.csv","SAA 1.5.1 ICP-OES in wässriger Matrix (iTeva)",,0,"OES Wasser","Ni",,,"1.5.1","1","VBW","Ni_VBW","^QC VBW","SAA_1.5.1_Ni_VBW.csv",,,10,"µg/L",,,,,,"Sadlowski","Kaiser","2","0.01",,1,1,0,0,1
"iTeva",1,1,0,"iCAP_OES_Report.Rmd","SAA_1.5.1_Calibration.csv","SAA 1.5.1 ICP-OES in wässriger Matrix (iTeva)",,0,"OES Wasser","Ni",,,"1.5.1","1","QC","Ni_QC","^M.+?QC Spike","SAA_1.5.1_Ni_QC.csv",100,15,,"%",,,,,,"Sadlowski","Kaiser","2","0.01",,1,1,0,0,1
"iTeva",1,1,0,"iCAP_OES_Report.Rmd","SAA_1.5.1_Calibration.csv","SAA 1.5.1 ICP-OES in wässriger Matrix (iTeva)",,0,"OES Wasser","P",,,"1.5.1","1","VBW","P_VBW","^QC VBW","SAA_1.5.1_P_VBW.csv",,,20,"µg/L",,,,,,"Sadlowski","Kaiser","2","0.01",,1,1,0,0,1
"iTeva",1,1,0,"iCAP_OES_Report.Rmd","SAA_1.5.1_Calibration.csv","SAA 1.5.1 ICP-OES in wässriger Matrix (iTeva)",,0,"OES Wasser","P",,,"1.5.1","1","QC","P_QC","^M.+?QC Spike","SAA_1.5.1_P_QC.csv",100,15,,"%",,,,,,"Sadlowski","Kaiser","2","0.01",,1,1,0,0,1
"iTeva",1,1,0,"iCAP_OES_Report.Rmd","SAA_1.5.1_Calibration.csv","SAA 1.5.1 ICP-OES in wässriger Matrix (iTeva)",,0,"OES Wasser","Pb",,,"1.5.1","1","VBW","Pb_VBW","^QC VBW","SAA_1.5.1_Pb_VBW.csv",,,20,"µg/L",,,,,,"Sadlowski","Kaiser","2","0.01",,1,1,0,0,1
"iTeva",1,1,0,"iCAP_OES_Report.Rmd","SAA_1.5.1_Calibration.csv","SAA 1.5.1 ICP-OES in wässriger Matrix (iTeva)",,0,"OES Wasser","Pb",,,"1.5.1","1","QC","Pb_QC","^M.+?QC Spike","SAA_1.5.1_Pb_QC.csv",100,15,,"%",,,,,,"Sadlowski","Kaiser","2","0.01",,1,1,0,0,1
"iTeva",1,1,0,"iCAP_OES_Report.Rmd","SAA_1.5.1_Calibration.csv","SAA 1.5.1 ICP-OES in wässriger Matrix (iTeva)",,0,"OES Wasser","Sb",,,"1.5.1","1","VBW","Sb_VBW","^QC VBW","SAA_1.5.1_Sb_VBW.csv",,,20,"µg/L",,,,,,"Sadlowski","Kaiser","2","0.01",,1,1,0,0,1
"iTeva",1,1,0,"iCAP_OES_Report.Rmd","SAA_1.5.1_Calibration.csv","SAA 1.5.1 ICP-OES in wässriger Matrix (iTeva)",,0,"OES Wasser","Sb",,,"1.5.1","1","QC","Sb_QC","^M.+?QC Spike","SAA_1.5.1_Sb_QC.csv",100,15,,"%",,,,,,"Sadlowski","Kaiser","2","0.01",,1,1,0,0,1
"iTeva",1,1,0,"iCAP_OES_Report.Rmd","SAA_1.5.1_Calibration.csv","SAA 1.5.1 ICP-OES in wässriger Matrix (iTeva)",,0,"OES Wasser","Sr",,,"1.5.1","1","VBW","Sr_VBW","^QC VBW","SAA_1.5.1_Sr_VBW.csv",,,5,"µg/L",,,,,,"Sadlowski","Kaiser","2","0.01",,1,1,0,0,1
"iTeva",1,1,0,"iCAP_OES_Report.Rmd","SAA_1.5.1_Calibration.csv","SAA 1.5.1 ICP-OES in wässriger Matrix (iTeva)",,0,"OES Wasser","Sr",,,"1.5.1","1","QC","Sr_QC","^M.+?QC Spike","SAA_1.5.1_Sr_QC.csv",100,15,,"%",,,,,,"Sadlowski","Kaiser","2","0.01",,1,1,0,0,1
"iTeva",1,1,0,"iCAP_OES_Report.Rmd","SAA_1.5.1_Calibration.csv","SAA 1.5.1 ICP-OES in wässriger Matrix (iTeva)",,0,"OES Wasser","Ti",,,"1.5.1","1","VBW","Ti_VBW","^QC VBW","SAA_1.5.1_Ti_VBW.csv",,,5,"µg/L",,,,,,"Sadlowski","Kaiser","2","0.01",,1,1,0,0,1
"iTeva",1,1,0,"iCAP_OES_Report.Rmd","SAA_1.5.1_Calibration.csv","SAA 1.5.1 ICP-OES in wässriger Matrix (iTeva)",,0,"OES Wasser","Ti",,,"1.5.1","1","QC","Ti_QC","^M.+?QC Spike","SAA_1.5.1_Ti_QC.csv",100,15,,"%",,,,,,"Sadlowski","Kaiser","2","0.01",,1,1,0,0,1
"iTeva",1,1,0,"iCAP_OES_Report.Rmd","SAA_1.5.1_Calibration.csv","SAA 1.5.1 ICP-OES in wässriger Matrix (iTeva)",,0,"OES Wasser","V",,,"1.5.1","1","VBW","V_VBW","^QC VBW","SAA_1.5.1_V_VBW.csv",,,5,"µg/L",,,,,,"Sadlowski","Kaiser","2","0.01",,1,1,0,0,1
"iTeva",1,1,0,"iCAP_OES_Report.Rmd","SAA_1.5.1_Calibration.csv","SAA 1.5.1 ICP-OES in wässriger Matrix (iTeva)",,0,"OES Wasser","V",,,"1.5.1","1","QC","V_QC","^M.+?QC Spike","SAA_1.5.1_V_QC.csv",100,15,,"%",,,,,,"Sadlowski","Kaiser","2","0.01",,1,1,0,0,1
"iTeva",1,1,0,"iCAP_OES_Report.Rmd","SAA_1.5.1_Calibration.csv","SAA 1.5.1 ICP-OES in wässriger Matrix (iTeva)",,0,"OES Wasser","Zn",,,"1.5.1","1","VBW","Zn_VBW","^QC VBW","SAA_1.5.1_Zn_VBW.csv",,,5,"µg/L",,,,,,"Sadlowski","Kaiser","2","0.01",,1,1,0,0,1
"iTeva",1,1,0,"iCAP_OES_Report.Rmd","SAA_1.5.1_Calibration.csv","SAA 1.5.1 ICP-OES in wässriger Matrix (iTeva)",,0,"OES Wasser","Zn",,,"1.5.1","1","QC","Zn_QC","^M.+?QC Spike","SAA_1.5.1_Zn_QC.csv",90,15,,"%",,,,,,"Sadlowski","Kaiser","2","0.01",,1,1,0,0,1
"eQuant (MS)",0,1,0,"iCAPQ_EvalR_Report.Rmd",,"SAA 1.5.2 ICP-MS in wässriger Matrix",,0,"MS Wasser","Ag","107Ag (sa-3V-H2)","107Ag (sa-3V-H2)","1.5.2","1","VBW","Ag_VBW","^QC VBW","SAA_1.5.2_Ag_VBW.csv",,,0.1,"µg/L",,,,,,"Sadlowski","Kaiser","2","0.01",107,1,1,0,1,1
"eQuant (MS)",0,1,0,"iCAPQ_EvalR_Report.Rmd",,"SAA 1.5.2 ICP-MS in wässriger Matrix",,0,"MS Wasser","Ag","107Ag (sa-3V-H2)","107Ag (sa-3V-H2)","1.5.2","1","QC","Ag_QC","^M.+?QC Spike","SAA_1.5.2_Ag_QC.csv",100,15,,"%",,,,,,"Sadlowski","Kaiser","2","0.01",107,1,1,0,1,1
"eQuant (MS)",0,1,0,"iCAPQ_EvalR_Report.Rmd",,"SAA 1.5.2 ICP-MS in wässriger Matrix",,0,"MS Wasser","As","75As (sa-3V-H2)","75As (sa-3V-H2)","1.5.2","1","VBW","As_VBW","^QC VBW","SAA_1.5.2_As_VBW.csv",,,0.1,"µg/L",,,,,,"Sadlowski","Kaiser","2","0.01",75,1,1,0,1,1
"eQuant (MS)",0,1,0,"iCAPQ_EvalR_Report.Rmd",,"SAA 1.5.2 ICP-MS in wässriger Matrix",,0,"MS Wasser","As","75As (sa-3V-H2)","75As (sa-3V-H2)","1.5.2","1","QC","As_QC","^M.+?QC Spike","SAA_1.5.2_As_QC.csv",100,10,,"%",,,,,,"Sadlowski","Kaiser","2","0.01",75,1,1,0,1,1
"eQuant (MS)",0,1,0,"iCAPQ_EvalR_Report.Rmd",,"SAA 1.5.2 ICP-MS in wässriger Matrix",,0,"MS Wasser","Ba","137Ba (sa-3V-H2)","137Ba (sa-3V-H2)","1.5.2","1","VBW","Ba_VBW","^QC VBW","SAA_1.5.2_Ba_VBW.csv",,,0.1,"µg/L",,,,,,"Sadlowski","Kaiser","2","0.01",137,1,1,0,1,1
"eQuant (MS)",0,1,0,"iCAPQ_EvalR_Report.Rmd",,"SAA 1.5.2 ICP-MS in wässriger Matrix",,0,"MS Wasser","Ba","137Ba (sa-3V-H2)","137Ba (sa-3V-H2)","1.5.2","1","QC","Ba_QC","^M.+?QC Spike","SAA_1.5.2_Ba_QC.csv",100,10,,"%",,,,,,"Sadlowski","Kaiser","2","0.01",137,1,1,0,1,1
"eQuant (MS)",0,1,0,"iCAPQ_EvalR_Report.Rmd",,"SAA 1.5.2 ICP-MS in wässriger Matrix",,0,"MS Wasser","Be","9Be (sa-3V-H2)","9Be (sa-3V-H2)","1.5.2","1","VBW","Be_VBW","^QC VBW","SAA_1.5.2_Be_VBW.csv",,,0.1,"µg/L",,,,,,"Sadlowski","Kaiser","2","0.01",9,1,1,0,1,1
"eQuant (MS)",0,1,0,"iCAPQ_EvalR_Report.Rmd",,"SAA 1.5.2 ICP-MS in wässriger Matrix",,0,"MS Wasser","Be","9Be (sa-3V-H2)","9Be (sa-3V-H2)","1.5.2","1","QC","Be_QC","^M.+?QC Spike","SAA_1.5.2_Be_QC.csv",100,15,,"%",,,,,,"Sadlowski","Kaiser","2","0.01",9,1,1,0,1,1
"eQuant (MS)",0,1,0,"iCAPQ_EvalR_Report.Rmd",,"SAA 1.5.2 ICP-MS in wässriger Matrix",,0,"MS Wasser","Bi","209Bi (sa-3V-H2)","209Bi (sa-3V-H2)","1.5.2","1","VBW","Bi_VBW","^QC VBW","SAA_1.5.2_Bi_VBW.csv",,,0.1,"µg/L",,,,,,"Sadlowski","Kaiser","2","0.01",209,1,1,0,1,1
"eQuant (MS)",0,1,0,"iCAPQ_EvalR_Report.Rmd",,"SAA 1.5.2 ICP-MS in wässriger Matrix",,0,"MS Wasser","Bi","209Bi (sa-3V-H2)","209Bi (sa-3V-H2)","1.5.2","1","QC","Bi_QC","^M.+?QC Spike","SAA_1.5.2_Bi_QC.csv",100,15,,"%",,,,,,"Sadlowski","Kaiser","2","0.01",209,1,1,0,1,1
"eQuant (MS)",0,1,0,"iCAPQ_EvalR_Report.Rmd",,"SAA 1.5.2 ICP-MS in wässriger Matrix",,0,"MS Wasser","Cd","111Cd (sa-3V-H2)","111Cd (sa-3V-H2)","1.5.2","1","VBW","Cd_VBW","^QC VBW","SAA_1.5.2_Cd_VBW.csv",,,0.1,"µg/L",,,,,,"Sadlowski","Kaiser","2","0.01",111,1,1,0,1,1
"eQuant (MS)",0,1,0,"iCAPQ_EvalR_Report.Rmd",,"SAA 1.5.2 ICP-MS in wässriger Matrix",,0,"MS Wasser","Cd","111Cd (sa-3V-H2)","111Cd (sa-3V-H2)","1.5.2","1","QC","Cd_QC","^M.+?QC Spike","SAA_1.5.2_Cd_QC.csv",100,10,,"%",,,,,,"Sadlowski","Kaiser","2","0.01",111,1,1,0,1,1
"eQuant (MS)",0,1,0,"iCAPQ_EvalR_Report.Rmd",,"SAA 1.5.2 ICP-MS in wässriger Matrix",,0,"MS Wasser","Co","59Co (sa-3V-H2)","59Co (sa-3V-H2)","1.5.2","1","VBW","Co_VBW","^QC VBW","SAA_1.5.2_Co_VBW.csv",,,0.1,"µg/L",,,,,,"Sadlowski","Kaiser","2","0.01",59,1,1,0,1,1
"eQuant (MS)",0,1,0,"iCAPQ_EvalR_Report.Rmd",,"SAA 1.5.2 ICP-MS in wässriger Matrix",,0,"MS Wasser","Co","59Co (sa-3V-H2)","59Co (sa-3V-H2)","1.5.2","1","QC","Co_QC","^M.+?QC Spike","SAA_1.5.2_Co_QC.csv",100,10,,"%",,,,,,"Sadlowski","Kaiser","2","0.01",59,1,1,0,1,1
"eQuant (MS)",0,1,0,"iCAPQ_EvalR_Report.Rmd",,"SAA 1.5.2 ICP-MS in wässriger Matrix",,0,"MS Wasser","Cr","52Cr (sa-3V-H2)","52Cr (sa-3V-H2)","1.5.2","1","VBW","Cr_VBW","^QC VBW","SAA_1.5.2_Cr_VBW.csv",,,0.5,"µg/L",,,,,,"Sadlowski","Kaiser","2","0.01",52,1,1,0,1,1
"eQuant (MS)",0,1,0,"iCAPQ_EvalR_Report.Rmd",,"SAA 1.5.2 ICP-MS in wässriger Matrix",,0,"MS Wasser","Cr","52Cr (sa-3V-H2)","52Cr (sa-3V-H2)","1.5.2","1","QC","Cr_QC","^M.+?QC Spike","SAA_1.5.2_Cr_QC.csv",100,20,,"%",,,,,,"Sadlowski","Kaiser","2","0.01",52,1,1,0,1,1
"eQuant (MS)",0,1,0,"iCAPQ_EvalR_Report.Rmd",,"SAA 1.5.2 ICP-MS in wässriger Matrix",,0,"MS Wasser","Cu","65Cu (sa-3V-H2)","65Cu (sa-3V-H2)","1.5.2","1","VBW","Cu_VBW","^QC VBW","SAA_1.5.2_Cu_VBW.csv",,,0.1,"µg/L",,,,,,"Sadlowski","Kaiser","2","0.01",65,1,1,0,1,1
"eQuant (MS)",0,1,0,"iCAPQ_EvalR_Report.Rmd",,"SAA 1.5.2 ICP-MS in wässriger Matrix",,0,"MS Wasser","Cu","65Cu (sa-3V-H2)","65Cu (sa-3V-H2)","1.5.2","1","QC","Cu_QC","^M.+?QC Spike","SAA_1.5.2_Cu_QC.csv",100,10,,"%",,,,,,"Sadlowski","Kaiser","2","0.01",65,1,1,0,1,1
"eQuant (MS)",0,1,0,"iCAPQ_EvalR_Report.Rmd",,"SAA 1.5.2 ICP-MS in wässriger Matrix",,0,"MS Wasser","Fe","56Fe (sa-3V-H2)","56Fe (sa-3V-H2)","1.5.2","1","VBW","Fe_VBW","^QC VBW","SAA_1.5.2_Fe_VBW.csv",,,1,"µg/L",,,,,,"Sadlowski","Kaiser","2","0.01",56,1,1,0,1,1
"eQuant (MS)",0,1,0,"iCAPQ_EvalR_Report.Rmd",,"SAA 1.5.2 ICP-MS in wässriger Matrix",,0,"MS Wasser","Fe","56Fe (sa-3V-H2)","56Fe (sa-3V-H2)","1.5.2","1","QC","Fe_QC","^M.+?QC Spike","SAA_1.5.2_Fe_QC.csv",100,15,,"%",,,,,,"Sadlowski","Kaiser","2","0.01",56,1,1,0,1,1
"eQuant (MS)",0,1,0,"iCAPQ_EvalR_Report.Rmd",,"SAA 1.5.2 ICP-MS in wässriger Matrix",,0,"MS Wasser","Li","7Li (sa-3V-H2)","7Li (sa-3V-H2)","1.5.2","1","VBW","Li_VBW","^QC VBW","SAA_1.5.2_Li_VBW.csv",,,0.1,"µg/L",,,,,,"Sadlowski","Kaiser","2","0.01",7,1,1,0,1,1
"eQuant (MS)",0,1,0,"iCAPQ_EvalR_Report.Rmd",,"SAA 1.5.2 ICP-MS in wässriger Matrix",,0,"MS Wasser","Li","7Li (sa-3V-H2)","7Li (sa-3V-H2)","1.5.2","1","QC","Li_QC","^M.+?QC Spike","SAA_1.5.2_Li_QC.csv",100,15,,"%",,,,,,"Sadlowski","Kaiser","2","0.01",7,1,1,0,1,1
"eQuant (MS)",0,1,0,"iCAPQ_EvalR_Report.Rmd",,"SAA 1.5.2 ICP-MS in wässriger Matrix",,0,"MS Wasser","Mn","55Mn (sa-3V-H2)","55Mn (sa-3V-H2)","1.5.2","1","VBW","Mn_VBW","^QC VBW","SAA_1.5.2_Mn_VBW.csv",,,0.1,"µg/L",,,,,,"Sadlowski","Kaiser","2","0.01",55,1,1,0,1,1
"eQuant (MS)",0,1,0,"iCAPQ_EvalR_Report.Rmd",,"SAA 1.5.2 ICP-MS in wässriger Matrix",,0,"MS Wasser","Mn","55Mn (sa-3V-H2)","55Mn (sa-3V-H2)","1.5.2","1","QC","Mn_QC","^M.+?QC Spike","SAA_1.5.2_Mn_QC.csv",100,10,,"%",,,,,,"Sadlowski","Kaiser","2","0.01",55,1,1,0,1,1
"eQuant (MS)",0,1,0,"iCAPQ_EvalR_Report.Rmd",,"SAA 1.5.2 ICP-MS in wässriger Matrix",,0,"MS Wasser","Mo","95Mo (sa-3V-H2)","95Mo (sa-3V-H2)","1.5.2","1","VBW","Mo_VBW","^QC VBW","SAA_1.5.2_Mo_VBW.csv",,,0.1,"µg/L",,,,,,"Sadlowski","Kaiser","2","0.01",95,1,1,0,1,1
"eQuant (MS)",0,1,0,"iCAPQ_EvalR_Report.Rmd",,"SAA 1.5.2 ICP-MS in wässriger Matrix",,0,"MS Wasser","Mo","95Mo (sa-3V-H2)","95Mo (sa-3V-H2)","1.5.2","1","QC","Mo_QC","^M.+?QC Spike","SAA_1.5.2_Mo_QC.csv",100,10,,"%",,,,,,"Sadlowski","Kaiser","2","0.01",95,1,1,0,1,1
"eQuant (MS)",0,1,0,"iCAPQ_EvalR_Report.Rmd",,"SAA 1.5.2 ICP-MS in wässriger Matrix",,0,"MS Wasser","Ni","60Ni (sa-3V-H2)","60Ni (sa-3V-H2)","1.5.2","1","VBW","Ni_VBW","^QC VBW","SAA_1.5.2_Ni_VBW.csv",,,0.5,"µg/L",,,,,,"Sadlowski","Kaiser","2","0.01",60,1,1,0,1,1
"eQuant (MS)",0,1,0,"iCAPQ_EvalR_Report.Rmd",,"SAA 1.5.2 ICP-MS in wässriger Matrix",,0,"MS Wasser","Ni","60Ni (sa-3V-H2)","60Ni (sa-3V-H2)","1.5.2","1","QC","Ni_QC","^M.+?QC Spike","SAA_1.5.2_Ni_QC.csv",100,10,,"%",,,,,,"Sadlowski","Kaiser","2","0.01",60,1,1,0,1,1
"eQuant (MS)",0,1,0,"iCAPQ_EvalR_Report.Rmd",,"SAA 1.5.2 ICP-MS in wässriger Matrix",,0,"MS Wasser","Pb","208Pb (sa-3V-H2)","208Pb (sa-3V-H2)","1.5.2","1","VBW","Pb_VBW","^QC VBW","SAA_1.5.2_Pb_VBW.csv",,,0.1,"µg/L",,,,,,"Sadlowski","Kaiser","2","0.01",208,1,1,0,1,1
"eQuant (MS)",0,1,0,"iCAPQ_EvalR_Report.Rmd",,"SAA 1.5.2 ICP-MS in wässriger Matrix",,0,"MS Wasser","Pb","208Pb (sa-3V-H2)","208Pb (sa-3V-H2)","1.5.2","1","QC","Pb_QC","^M.+?QC Spike","SAA_1.5.2_Pb_QC.csv",100,10,,"%",,,,,,"Sadlowski","Kaiser","2","0.01",208,1,1,0,1,1
"eQuant (MS)",0,1,0,"iCAPQ_EvalR_Report.Rmd",,"SAA 1.5.2 ICP-MS in wässriger Matrix",,0,"MS Wasser","Sb","121Sb (sa-3V-H2)","121Sb (sa-3V-H2)","1.5.2","1","VBW","Sb_VBW","^QC VBW","SAA_1.5.2_Sb_VBW.csv",,,0.1,"µg/L",,,,,,"Sadlowski","Kaiser","2","0.01",121,1,1,0,1,1
"eQuant (MS)",0,1,0,"iCAPQ_EvalR_Report.Rmd",,"SAA 1.5.2 ICP-MS in wässriger Matrix",,0,"MS Wasser","Sb","121Sb (sa-3V-H2)","121Sb (sa-3V-H2)","1.5.2","1","QC","Sb_QC","^M.+?QC Spike","SAA_1.5.2_Sb_QC.csv",100,10,,"%",,,,,,"Sadlowski","Kaiser","2","0.01",121,1,1,0,1,1
"eQuant (MS)",0,1,0,"iCAPQ_EvalR_Report.Rmd",,"SAA 1.5.2 ICP-MS in wässriger Matrix",,0,"MS Wasser","Se","78Se (sa-3V-H2)","78Se (sa-3V-H2)","1.5.2","1","VBW","Se_VBW","^QC VBW","SAA_1.5.2_Se_VBW.csv",,,0.1,"µg/L",,,,,,"Sadlowski","Kaiser","2","0.01",78,1,1,0,1,1
"eQuant (MS)",0,1,0,"iCAPQ_EvalR_Report.Rmd",,"SAA 1.5.2 ICP-MS in wässriger Matrix",,0,"MS Wasser","Se","78Se (sa-3V-H2)","78Se (sa-3V-H2)","1.5.2","1","QC","Se_QC","^M.+?QC Spike","SAA_1.5.2_Se_QC.csv",100,15,,"%",,,,,,"Sadlowski","Kaiser","2","0.01",78,1,1,0,1,1
"eQuant (MS)",0,1,0,"iCAPQ_EvalR_Report.Rmd",,"SAA 1.5.2 ICP-MS in wässriger Matrix",,0,"MS Wasser","Sr","88Sr (sa-3V-H2)","88Sr (sa-3V-H2)","1.5.2","1","VBW","Sr_VBW","^QC VBW","SAA_1.5.2_Sr_VBW.csv",,,0.1,"µg/L",,,,,,"Sadlowski","Kaiser","2","0.01",88,1,1,0,1,1
"eQuant (MS)",0,1,0,"iCAPQ_EvalR_Report.Rmd",,"SAA 1.5.2 ICP-MS in wässriger Matrix",,0,"MS Wasser","Sr","88Sr (sa-3V-H2)","88Sr (sa-3V-H2)","1.5.2","1","QC","Sr_QC","^M.+?QC Spike","SAA_1.5.2_Sr_QC.csv",100,30,,"%",,,,,,"Sadlowski","Kaiser","2","0.01",88,1,1,0,1,1
"eQuant (MS)",0,1,0,"iCAPQ_EvalR_Report.Rmd",,"SAA 1.5.2 ICP-MS in wässriger Matrix",,0,"MS Wasser","Ti","48Ti (sa-3V-H2)","48Ti (sa-3V-H2)","1.5.2","1","VBW","Ti_VBW","^QC VBW","SAA_1.5.2_Ti_VBW.csv",,,0.1,"µg/L",,,,,,"Sadlowski","Kaiser","2","0.01",48,1,1,0,1,1
"eQuant (MS)",0,1,0,"iCAPQ_EvalR_Report.Rmd",,"SAA 1.5.2 ICP-MS in wässriger Matrix",,0,"MS Wasser","Ti","48Ti (sa-3V-H2)","48Ti (sa-3V-H2)","1.5.2","1","QC","Ti_QC","^M.+?QC Spike","SAA_1.5.2_Ti_QC.csv",100,15,,"%",,,,,,"Sadlowski","Kaiser","2","0.01",48,1,1,0,1,1
"eQuant (MS)",0,1,0,"iCAPQ_EvalR_Report.Rmd",,"SAA 1.5.2 ICP-MS in wässriger Matrix",,0,"MS Wasser","Tl","205Tl (sa-3V-H2)","205Tl (sa-3V-H2)","1.5.2","1","VBW","Tl_VBW","^QC VBW","SAA_1.5.2_Tl_VBW.csv",,,0.1,"µg/L",,,,,,"Sadlowski","Kaiser","2","0.01",205,1,1,0,1,1
"eQuant (MS)",0,1,0,"iCAPQ_EvalR_Report.Rmd",,"SAA 1.5.2 ICP-MS in wässriger Matrix",,0,"MS Wasser","Tl","205Tl (sa-3V-H2)","205Tl (sa-3V-H2)","1.5.2","1","QC","Tl_QC","^M.+?QC Spike","SAA_1.5.2_Tl_QC.csv",100,30,,"%",,,,,,"Sadlowski","Kaiser","2","0.01",205,1,1,0,1,1
"eQuant (MS)",0,1,0,"iCAPQ_EvalR_Report.Rmd",,"SAA 1.5.2 ICP-MS in wässriger Matrix",,0,"MS Wasser","V","51V (sa-3V-H2)","51V (sa-3V-H2)","1.5.2","1","VBW","V_VBW","^QC VBW","SAA_1.5.2_V_VBW.csv",,,0.1,"µg/L",,,,,,"Sadlowski","Kaiser","2","0.01",51,1,1,0,1,1
"eQuant (MS)",0,1,0,"iCAPQ_EvalR_Report.Rmd",,"SAA 1.5.2 ICP-MS in wässriger Matrix",,0,"MS Wasser","V","51V (sa-3V-H2)","51V (sa-3V-H2)","1.5.2","1","QC","V_QC","^M.+?QC Spike","SAA_1.5.2_V_QC.csv",100,15,,"%",,,,,,"Sadlowski","Kaiser","2","0.01",51,1,1,0,1,1
"eQuant (MS)",0,1,0,"iCAPQ_EvalR_Report.Rmd",,"SAA 1.5.2 ICP-MS in wässriger Matrix",,0,"MS Wasser","Zn","66Zn (sa-3V-H2)","66Zn (sa-3V-H2)","1.5.2","1","VBW","Zn_VBW","^QC VBW","SAA_1.5.2_Zn_VBW.csv",,,1,"µg/L",,,,,,"Sadlowski","Kaiser","2","0.01",66,1,1,0,1,1
"eQuant (MS)",0,1,0,"iCAPQ_EvalR_Report.Rmd",,"SAA 1.5.2 ICP-MS in wässriger Matrix",,0,"MS Wasser","Zn","66Zn (sa-3V-H2)","66Zn (sa-3V-H2)","1.5.2","1","QC","Zn_QC","^M.+?QC Spike","SAA_1.5.2_Zn_QC.csv",100,30,,"%",,,,,,"Sadlowski","Kaiser","2","0.01",66,1,1,0,1,1
"eQuant (MS)",0,1,0,"iCAPQ_EvalR_Report.Rmd",,"SAA 5.1.2 ICP-MS Rest-, Brennstoffe",,1,"MS Brennstoffe","As","75As (sa-3V-H2)","75As (sa-3V-H2)","5.1.2","2","VBW","As_VBW",,"SAA_5.1.2_As_VBW.csv",,,0.05,"mg/kg",,,,,,"Sadlowski","Kaiser","3","0.01",75,1,1,0,0,0
"eQuant (MS)",0,1,0,"iCAPQ_EvalR_Report.Rmd",,"SAA 5.1.2 ICP-MS Rest-, Brennstoffe",,1,"MS Brennstoffe","As","75As (sa-3V-H2)","75As (sa-3V-H2)","5.1.2","2","QC","As_NIST1632d",,"SAA_5.1.2_As_NIST1632d.csv",90,10,,"%",6.1,"mg/kg",,,,"Sadlowski","Kaiser","3","0.01",75,1,1,0,0,0
"eQuant (MS)",0,1,0,"iCAPQ_EvalR_Report.Rmd",,"SAA 5.1.2 ICP-MS Rest-, Brennstoffe",,1,"MS Brennstoffe","Ba","137Ba (mp_STD)","137Ba (mp_STD)","5.1.2","2","VBW","Ba_VBW",,"SAA_5.1.2_Ba_VBW.csv",,,0.05,"mg/kg",,,,,,"Sadlowski","Kaiser","3","0.01",137,1,1,0,0,0
"eQuant (MS)",0,1,0,"iCAPQ_EvalR_Report.Rmd",,"SAA 5.1.2 ICP-MS Rest-, Brennstoffe",,1,"MS Brennstoffe","Ba","137Ba (mp_STD)","137Ba (mp_STD)","5.1.2","2","QC","Ba_NIST1632d",,"SAA_5.1.2_Ba_NIST1632d.csv",80,10,,"%",40.42,"mg/kg",,,,"Sadlowski","Kaiser","3","0.01",137,1,1,0,0,0
"eQuant (MS)",0,1,0,"iCAPQ_EvalR_Report.Rmd",,"SAA 5.1.2 ICP-MS Rest-, Brennstoffe",,1,"MS Brennstoffe","Cd","111Cd (sa-3V-H2)","111Cd (sa-3V-H2)","5.1.2","2","VBW","Cd_VBW",,"SAA_5.1.2_Cd_VBW.csv",,,5,"mg/kg",,,,,,"Sadlowski","Kaiser","3","0.01",111,1,1,0,0,0
"eQuant (MS)",0,1,0,"iCAPQ_EvalR_Report.Rmd",,"SAA 5.1.2 ICP-MS Rest-, Brennstoffe",,1,"MS Brennstoffe","Cd","111Cd (sa-3V-H2)","111Cd (sa-3V-H2)","5.1.2","2","QC","Cd_NIST1632d",,"SAA_5.1.2_Cd_NIST1632d.csv",90,10,,"%",0.08,"mg/kg",,,,"Sadlowski","Kaiser","3","0.01",111,1,1,0,0,0
"eQuant (MS)",0,1,0,"iCAPQ_EvalR_Report.Rmd",,"SAA 5.1.2 ICP-MS Rest-, Brennstoffe",,1,"MS Brennstoffe","Co","59Co (sa-3V-H2)","59Co (sa-3V-H2)","5.1.2","2","VBW","Co_VBW",,"SAA_5.1.2_Co_VBW.csv",,,0.05,"mg/kg",,,,,,"Sadlowski","Kaiser","3","0.01",59,1,1,0,0,0
"eQuant (MS)",0,1,0,"iCAPQ_EvalR_Report.Rmd",,"SAA 5.1.2 ICP-MS Rest-, Brennstoffe",,1,"MS Brennstoffe","Co","59Co (sa-3V-H2)","59Co (sa-3V-H2)","5.1.2","2","QC","Co_NIST1632d",,"SAA_5.1.2_Co_NIST1632d.csv",90,10,,"%",3424,"mg/kg",,,,"Sadlowski","Kaiser","3","0.01",59,1,1,0,0,0
"eQuant (MS)",0,1,0,"iCAPQ_EvalR_Report.Rmd",,"SAA 5.1.2 ICP-MS Rest-, Brennstoffe",,1,"MS Brennstoffe","Cr","52Cr (sa-3V-H2)","52Cr (sa-3V-H2)","5.1.2","2","VBW","Cr_VBW",,"SAA_5.1.2_Cr_VBW.csv",,,0.05,"mg/kg",,,,,,"Sadlowski","Kaiser","3","0.01",52,1,1,0,0,0
"eQuant (MS)",0,1,0,"iCAPQ_EvalR_Report.Rmd",,"SAA 5.1.2 ICP-MS Rest-, Brennstoffe",,1,"MS Brennstoffe","Cr","52Cr (sa-3V-H2)","52Cr (sa-3V-H2)","5.1.2","2","QC","Cr_NIST1632d",,"SAA_5.1.2_Cr_NIST1632d.csv",90,10,,"%",13.7,"mg/kg",,,,"Sadlowski","Kaiser","3","0.01",52,1,1,0,0,0
"eQuant (MS)",0,1,0,"iCAPQ_EvalR_Report.Rmd",,"SAA 5.1.2 ICP-MS Rest-, Brennstoffe",,1,"MS Brennstoffe","Cu","65Cu (sa-3V-H2)","65Cu (sa-3V-H2)","5.1.2","2","VBW","Cu_VBW",,"SAA_5.1.2_Cu_VBW.csv",,,0.05,"mg/kg",,,,,,"Sadlowski","Kaiser","3","0.01",65,1,1,0,0,0
"eQuant (MS)",0,1,0,"iCAPQ_EvalR_Report.Rmd",,"SAA 5.1.2 ICP-MS Rest-, Brennstoffe",,1,"MS Brennstoffe","Cu","65Cu (sa-3V-H2)","65Cu (sa-3V-H2)","5.1.2","2","QC","Cu_NIST1632d",,"SAA_5.1.2_Cu_NIST1632d.csv",90,10,,"%",5.83,"mg/kg",,,,"Sadlowski","Kaiser","3","0.01",65,1,1,0,0,0
"eQuant (MS)",0,1,0,"iCAPQ_EvalR_Report.Rmd",,"SAA 5.1.2 ICP-MS Rest-, Brennstoffe",,1,"MS Brennstoffe","Mn","55Mn (sa-3V-H2)","55Mn (sa-3V-H2)","5.1.2","2","VBW","Mn_VBW",,"SAA_5.1.2_Mn_VBW.csv",,,0.05,"mg/kg",,,,,,"Sadlowski","Kaiser","3","0.01",55,1,1,0,0,0
"eQuant (MS)",0,1,0,"iCAPQ_EvalR_Report.Rmd",,"SAA 5.1.2 ICP-MS Rest-, Brennstoffe",,1,"MS Brennstoffe","Mn","55Mn (sa-3V-H2)","55Mn (sa-3V-H2)","5.1.2","2","QC","Mn_NIST1632d",,"SAA_5.1.2_Mn_NIST1632d.csv",90,10,,"%",13.1,"mg/kg",,,,"Sadlowski","Kaiser","3","0.01",55,1,1,0,0,0
"eQuant (MS)",0,1,0,"iCAPQ_EvalR_Report.Rmd",,"SAA 5.1.2 ICP-MS Rest-, Brennstoffe",,1,"MS Brennstoffe","Ni","60Ni (sa-3V-H2)","60Ni (sa-3V-H2)","5.1.2","2","VBW","Ni_VBW",,"SAA_5.1.2_Ni_VBW.csv",,,0.05,"mg/kg",,,,,,"Sadlowski","Kaiser","3","0.01",60,1,1,0,0,0
"eQuant (MS)",0,1,0,"iCAPQ_EvalR_Report.Rmd",,"SAA 5.1.2 ICP-MS Rest-, Brennstoffe",,1,"MS Brennstoffe","Ni","60Ni (sa-3V-H2)","60Ni (sa-3V-H2)","5.1.2","2","QC","Ni_NIST1632d",,"SAA_5.1.2_Ni_NIST1632d.csv",100,10,,"%",10,"mg/kg",,,,"Sadlowski","Kaiser","3","0.01",60,1,1,0,0,0
"eQuant (MS)",0,1,0,"iCAPQ_EvalR_Report.Rmd",,"SAA 5.1.2 ICP-MS Rest-, Brennstoffe",,1,"MS Brennstoffe","Pb","208Pb (mp_STD)","208Pb (mp_STD)","5.1.2","2","VBW","Pb_VBW",,"SAA_5.1.2_Pb_VBW.csv",,,0.05,"mg/kg",,,,,,"Sadlowski","Kaiser","3","0.01",208,1,1,0,0,0
"eQuant (MS)",0,1,0,"iCAPQ_EvalR_Report.Rmd",,"SAA 5.1.2 ICP-MS Rest-, Brennstoffe",,1,"MS Brennstoffe","Pb","208Pb (mp_STD)","208Pb (mp_STD)","5.1.2","2","QC","Pb_NIST1632d",,"SAA_5.1.2_Pb_NIST1632d.csv",100,10,,"%",3845,"mg/kg",,,,"Sadlowski","Kaiser","3","0.01",208,1,1,0,0,0
"eQuant (MS)",0,1,0,"iCAPQ_EvalR_Report.Rmd",,"SAA 5.1.2 ICP-MS Rest-, Brennstoffe",,1,"MS Brennstoffe","Sb","121Sb (mp_STD)","121Sb (mp_STD)","5.1.2","2","VBW","Sb_VBW",,"SAA_5.1.2_Sb_VBW.csv",,,0.05,"mg/kg",,,,,,"Sadlowski","Kaiser","3","0.01",121,1,1,0,0,0
"eQuant (MS)",0,1,0,"iCAPQ_EvalR_Report.Rmd",,"SAA 5.1.2 ICP-MS Rest-, Brennstoffe",,1,"MS Brennstoffe","Sb","121Sb (mp_STD)","121Sb (mp_STD)","5.1.2","2","QC","Sb_NIST1632d",,"SAA_5.1.2_Sb_NIST1632d.csv",80,10,,"%",445,"mg/kg",,,,"Sadlowski","Kaiser","3","0.01",121,1,1,0,0,0
"eQuant (MS)",0,1,0,"iCAPQ_EvalR_Report.Rmd",,"SAA 5.1.2 ICP-MS Rest-, Brennstoffe",,1,"MS Brennstoffe","Se","78Se (sa-0V-H2)","78Se (sa-0V-H2)","5.1.2","2","VBW","Se_VBW",,"SAA_5.1.2_Se_VBW.csv",,,0.05,"mg/kg",,,,,,"Sadlowski","Kaiser","3","0.01",78,1,1,0,0,0
"eQuant (MS)",0,1,0,"iCAPQ_EvalR_Report.Rmd",,"SAA 5.1.2 ICP-MS Rest-, Brennstoffe",,1,"MS Brennstoffe","Se","78Se (sa-0V-H2)","78Se (sa-0V-H2)","5.1.2","2","QC","Se_NIST1632d",,"SAA_5.1.2_Se_NIST1632d.csv",95,10,,"%",1.29,"mg/kg",,,,"Sadlowski","Kaiser","3","0.01",78,1,1,0,0,0
"eQuant (MS)",0,1,0,"iCAPQ_EvalR_Report.Rmd",,"SAA 5.1.2 ICP-MS Rest-, Brennstoffe",,1,"MS Brennstoffe","Tl","205Tl (mp_STD)","205Tl (mp_STD)","5.1.2","2","VBW","Tl_VBW",,"SAA_5.1.2_Tl_VBW.csv",,,0.05,"mg/kg",,,,,,"Sadlowski","Kaiser","3","0.01",205,1,1,0,0,0
"eQuant (MS)",0,1,0,"iCAPQ_EvalR_Report.Rmd",,"SAA 5.1.2 ICP-MS Rest-, Brennstoffe",,1,"MS Brennstoffe","V","51V (sa-3V-H2)","51V (sa-3V-H2)","5.1.2","2","VBW","V_VBW",,"SAA_5.1.2_V_VBW.csv",,,0.05,"mg/kg",,,,,,"Sadlowski","Kaiser","3","0.01",51,1,1,0,0,0
"eQuant (MS)",0,1,0,"iCAPQ_EvalR_Report.Rmd",,"SAA 5.1.2 ICP-MS Rest-, Brennstoffe",,1,"MS Brennstoffe","V","51V (sa-3V-H2)","51V (sa-3V-H2)","5.1.2","2","QC","V_NIST1632d",,"SAA_5.1.2_V_NIST1632d.csv",90,10,,"%",23.74,"mg/kg",,,,"Sadlowski","Kaiser","3","0.01",51,1,1,0,0,0
"eQuant (OES)",0,1,0,"iCAP_OES_Report.Rmd",,"SAA 5.1.1 ICP-OES Rest- & Brennstoffe",,1,"OES Brennstoffe","Al",,,"5.1.1","2","VBW","Al_VBW","VBW","SAA_5.1.1_Al_VBW.csv",,,10,"mg/kg",,,,,,"Sadlowski","Kaiser","3","0.01",,1,0,0,0,0
"eQuant (OES)",0,1,0,"iCAP_OES_Report.Rmd",,"SAA 5.1.1 ICP-OES Rest- & Brennstoffe",,1,"OES Brennstoffe","Al",,,"5.1.1","2","QC","Al_NBS1633c","^NBS 1633c.+?","SAA_5.1.1_Al_NBS1633c.csv",100,20,,"%",13.28,"%",,,,"Sadlowski","Kaiser","3","0.01",,1,0,0,0,0
"eQuant (OES)",0,1,0,"iCAP_OES_Report.Rmd",,"SAA 5.1.1 ICP-OES Rest- & Brennstoffe",,1,"OES Brennstoffe","As",,,"5.1.1","2","VBW","As_VBW",,"SAA_5.1.1_As_VBW.csv",,,10,"mg/kg",,,,,,"Sadlowski","Kaiser","3","0.01",,1,0,0,0,0
"eQuant (OES)",0,1,0,"iCAP_OES_Report.Rmd",,"SAA 5.1.1 ICP-OES Rest- & Brennstoffe",,1,"OES Brennstoffe","As",,,"5.1.1","2","QC","As_NBS1633c","^NBS 1633c.+?","SAA_5.1.1_As_NBS1633c.csv",100,20,,"%",186.2,"mg/kg",,,,"Sadlowski","Kaiser","3","0.01",,1,0,0,0,0
"eQuant (OES)",0,1,0,"iCAP_OES_Report.Rmd",,"SAA 5.1.1 ICP-OES Rest- & Brennstoffe",,1,"OES Brennstoffe","Ba",,,"5.1.1","2","VBW","Ba_VBW",,"SAA_5.1.1_Ba_VBW.csv",,,2.5,"mg/kg",,,,,,"Sadlowski","Kaiser","3","0.01",,1,0,0,0,0
"eQuant (OES)",0,1,0,"iCAP_OES_Report.Rmd",,"SAA 5.1.1 ICP-OES Rest- & Brennstoffe",,1,"OES Brennstoffe","Ba",,,"5.1.1","2","QC","Ba_NBS1633c","^NBS 1633c.+?","SAA_5.1.1_Ba_NBS1633c.csv",100,20,,"%",0.1126,"%",,,,"Sadlowski","Kaiser","3","0.01",,1,0,0,0,0
"eQuant (OES)",0,1,0,"iCAP_OES_Report.Rmd",,"SAA 5.1.1 ICP-OES Rest- & Brennstoffe",,1,"OES Brennstoffe","Ca",,,"5.1.1","2","VBW","Ca_VBW",,"SAA_5.1.1_Ca_VBW.csv",,,25,"mg/kg",,,,,,"Sadlowski","Kaiser","3","0.01",,1,0,0,0,0
"eQuant (OES)",0,1,0,"iCAP_OES_Report.Rmd",,"SAA 5.1.1 ICP-OES Rest- & Brennstoffe",,1,"OES Brennstoffe","Ca",,,"5.1.1","2","QC","Ca_NBS1633c","^NBS 1633c.+?","SAA_5.1.1_Ca_NBS1633c.csv",100,20,,"%",1365,"%",,,,"Sadlowski","Kaiser","3","0.01",,1,0,0,0,0
"eQuant (OES)",0,1,0,"iCAP_OES_Report.Rmd",,"SAA 5.1.1 ICP-OES Rest- & Brennstoffe",,1,"OES Brennstoffe","Cd",,,"5.1.1","2","VBW","Cd_VBW",,"SAA_5.1.1_Cd_VBW.csv",,,2.5,"mg/kg",,,,,,"Sadlowski","Kaiser","3","0.01",,1,0,0,0,0
"eQuant (OES)",0,1,0,"iCAP_OES_Report.Rmd",,"SAA 5.1.1 ICP-OES Rest- & Brennstoffe",,1,"OES Brennstoffe","Cd",,,"5.1.1","2","QC","Cd_NBS1633c","^NBS 1633c.+?","SAA_5.1.1_Cd_NBS1633c.csv",100,20,,"%",758,"mg/kg",,,,"Sadlowski","Kaiser","3","0.01",,1,0,0,0,0
"eQuant (OES)",0,1,0,"iCAP_OES_Report.Rmd",,"SAA 5.1.1 ICP-OES Rest- & Brennstoffe",,1,"OES Brennstoffe","Co",,,"5.1.1","2","VBW","Co_VBW",,"SAA_5.1.1_Co_VBW.csv",,,2.5,"mg/kg",,,,,,"Sadlowski","Kaiser","3","0.01",,1,0,0,0,0
"eQuant (OES)",0,1,0,"iCAP_OES_Report.Rmd",,"SAA 5.1.1 ICP-OES Rest- & Brennstoffe",,1,"OES Brennstoffe","Co",,,"5.1.1","2","QC","Co_NBS1633c","^NBS 1633c.+?","SAA_5.1.1_Co_NBS1633c.csv",100,20,,"%",42.9,"mg/kg",,,,"Sadlowski","Kaiser","3","0.01",,1,0,0,0,0
"eQuant (OES)",0,1,0,"iCAP_OES_Report.Rmd",,"SAA 5.1.1 ICP-OES Rest- & Brennstoffe",,1,"OES Brennstoffe","Cr",,,"5.1.1","2","VBW","Cr_VBW",,"SAA_5.1.1_Cr_VBW.csv",,,2.5,"mg/kg",,,,,,"Sadlowski","Kaiser","3","0.01",,1,0,0,0,0
"eQuant (OES)",0,1,0,"iCAP_OES_Report.Rmd",,"SAA 5.1.1 ICP-OES Rest- & Brennstoffe",,1,"OES Brennstoffe","Cr",,,"5.1.1","2","QC","Cr_NBS1633c","^NBS 1633c.+?","SAA_5.1.1_Cr_NBS1633c.csv",100,20,,"%",258,"mg/kg",,,,"Sadlowski","Kaiser","3","0.01",,1,0,0,0,0
"eQuant (OES)",0,1,0,"iCAP_OES_Report.Rmd",,"SAA 5.1.1 ICP-OES Rest- & Brennstoffe",,1,"OES Brennstoffe","Cu",,,"5.1.1","2","VBW","Cu_VBW",,"SAA_5.1.1_Cu_VBW.csv",,,2.5,"mg/kg",,,,,,"Sadlowski","Kaiser","3","0.01",,1,0,0,0,0
"eQuant (OES)",0,1,0,"iCAP_OES_Report.Rmd",,"SAA 5.1.1 ICP-OES Rest- & Brennstoffe",,1,"OES Brennstoffe","Cu",,,"5.1.1","2","QC","Cu_NBS1633c","^NBS 1633c.+?","SAA_5.1.1_Cu_NBS1633c.csv",100,20,,"%",173.7,"mg/kg",,,,"Sadlowski","Kaiser","3","0.01",,1,0,0,0,0
"eQuant (OES)",0,1,0,"iCAP_OES_Report.Rmd",,"SAA 5.1.1 ICP-OES Rest- & Brennstoffe",,1,"OES Brennstoffe","Fe",,,"5.1.1","2","VBW","Fe_VBW",,"SAA_5.1.1_Fe_VBW.csv",,,2.5,"mg/kg",,,,,,"Sadlowski","Kaiser","3","0.01",,1,0,0,0,0
"eQuant (OES)",0,1,0,"iCAP_OES_Report.Rmd",,"SAA 5.1.1 ICP-OES Rest- & Brennstoffe",,1,"OES Brennstoffe","Fe",,,"5.1.1","2","QC","Fe_NBS1633c","^NBS 1633c.+?","SAA_5.1.1_Fe_NBS1633c.csv",100,20,,"%",10.49,"%",,,,"Sadlowski","Kaiser","3","0.01",,1,0,0,0,0
"eQuant (OES)",0,1,0,"iCAP_OES_Report.Rmd",,"SAA 5.1.1 ICP-OES Rest- & Brennstoffe",,1,"OES Brennstoffe","K","K_7664_44","K_7664_44","5.1.1","2","VBW","K_VBW",,"SAA_5.1.1_K_VBW.csv",,,5,"mg/kg",,,,,,"Sadlowski","Kaiser","3","0.01",,1,0,0,0,0
"eQuant (OES)",0,1,0,"iCAP_OES_Report.Rmd",,"SAA 5.1.1 ICP-OES Rest- & Brennstoffe",,1,"OES Brennstoffe","K","K_7664_44","K_7664_44","5.1.1","2","QC","K_NBS1633c","^NBS 1633c.+?","SAA_5.1.1_K_NBS1633c.csv",100,20,,"%",1773,"%",,,,"Sadlowski","Kaiser","3","0.01",,1,0,0,0,0
"eQuant (OES)",0,1,0,"iCAP_OES_Report.Rmd",,"SAA 5.1.1 ICP-OES Rest- & Brennstoffe",,1,"OES Brennstoffe","Mg",,,"5.1.1","2","VBW","Mg_VBW",,"SAA_5.1.1_Mg_VBW.csv",,,2.5,"mg/kg",,,,,,"Sadlowski","Kaiser","3","0.01",,1,0,0,0,0
"eQuant (OES)",0,1,0,"iCAP_OES_Report.Rmd",,"SAA 5.1.1 ICP-OES Rest- & Brennstoffe",,1,"OES Brennstoffe","Mg",,,"5.1.1","2","QC","Mg_NBS1633c","^NBS 1633c.+?","SAA_5.1.1_Mg_NBS1633c.csv",100,20,,"%",498,"%",,,,"Sadlowski","Kaiser","3","0.01",,1,0,0,0,0
"eQuant (OES)",0,1,0,"iCAP_OES_Report.Rmd",,"SAA 5.1.1 ICP-OES Rest- & Brennstoffe",,1,"OES Brennstoffe","Mn",,,"5.1.1","2","VBW","Mn_VBW",,"SAA_5.1.1_Mn_VBW.csv",,,2.5,"mg/kg",,,,,,"Sadlowski","Kaiser","3","0.01",,1,0,0,0,0
"eQuant (OES)",0,1,0,"iCAP_OES_Report.Rmd",,"SAA 5.1.1 ICP-OES Rest- & Brennstoffe",,1,"OES Brennstoffe","Mn",,,"5.1.1","2","QC","Mn_NBS1633c","^NBS 1633c.+?","SAA_5.1.1_Mn_NBS1633c.csv",100,20,,"%",240.2,"mg/kg",,,,"Sadlowski","Kaiser","3","0.01",,1,0,0,0,0
"eQuant (OES)",0,1,0,"iCAP_OES_Report.Rmd",,"SAA 5.1.1 ICP-OES Rest- & Brennstoffe",,1,"OES Brennstoffe","Na",,,"5.1.1","2","VBW","Na_VBW",,"SAA_5.1.1_Na_VBW.csv",,,10,"mg/kg",,,,,,"Sadlowski","Kaiser","3","0.01",,1,0,0,0,0
"eQuant (OES)",0,1,0,"iCAP_OES_Report.Rmd",,"SAA 5.1.1 ICP-OES Rest- & Brennstoffe",,1,"OES Brennstoffe","Na",,,"5.1.1","2","QC","Na_NBS1633c","^NBS 1633c.+?","SAA_5.1.1_Na_NBS1633c.csv",100,20,,"%",0.1707,"%",,,,"Sadlowski","Kaiser","3","0.01",,1,0,0,0,0
"eQuant (OES)",0,1,0,"iCAP_OES_Report.Rmd",,"SAA 5.1.1 ICP-OES Rest- & Brennstoffe",,1,"OES Brennstoffe","Ni",,,"5.1.1","2","VBW","Ni_VBW",,"SAA_5.1.1_Ni_VBW.csv",,,5,"mg/kg",,,,,,"Sadlowski","Kaiser","3","0.01",,1,0,0,0,0
"eQuant (OES)",0,1,0,"iCAP_OES_Report.Rmd",,"SAA 5.1.1 ICP-OES Rest- & Brennstoffe",,1,"OES Brennstoffe","Ni",,,"5.1.1","2","QC","Ni_NBS1633c","^NBS 1633c.+?","SAA_5.1.1_Ni_NBS1633c.csv",100,20,,"%",132,"mg/kg",,,,"Sadlowski","Kaiser","3","0.01",,1,0,0,0,0
"eQuant (OES)",0,1,0,"iCAP_OES_Report.Rmd",,"SAA 5.1.1 ICP-OES Rest- & Brennstoffe",,1,"OES Brennstoffe","P",,,"5.1.1","2","VBW","P_VBW",,"SAA_5.1.1_P_VBW.csv",,,10,"mg/kg",,,,,,"Sadlowski","Kaiser","3","0.01",,1,0,0,0,0
"eQuant (OES)",0,1,0,"iCAP_OES_Report.Rmd",,"SAA 5.1.1 ICP-OES Rest- & Brennstoffe",,1,"OES Brennstoffe","P",,,"5.1.1","2","QC","P_NBS1633c","^NBS 1633c.+?","SAA_5.1.1_P_NBS1633c.csv",100,20,,"%",192,"%",,,,"Sadlowski","Kaiser","3","0.01",,1,0,0,0,0
"eQuant (OES)",0,1,0,"iCAP_OES_Report.Rmd",,"SAA 5.1.1 ICP-OES Rest- & Brennstoffe",,1,"OES Brennstoffe","Pb","Pb2203_453","Pb2203_453","5.1.1","2","VBW","Pb_VBW",,"SAA_5.1.1_Pb_VBW.csv",,,10,"mg/kg",,,,,,"Sadlowski","Kaiser","3","0.01",,1,0,0,0,0
"eQuant (OES)",0,1,0,"iCAP_OES_Report.Rmd",,"SAA 5.1.1 ICP-OES Rest- & Brennstoffe",,1,"OES Brennstoffe","Pb","Pb2203_453","Pb2203_453","5.1.1","2","QC","Pb_NBS1633c","^NBS 1633c.+?","SAA_5.1.1_Pb_NBS1633c.csv",100,20,,"%",95.2,"mg/kg",,,,"Sadlowski","Kaiser","3","0.01",,1,0,0,0,0
"eQuant (OES)",0,1,0,"iCAP_OES_Report.Rmd",,"SAA 5.1.1 ICP-OES Rest- & Brennstoffe",,1,"OES Brennstoffe","Sb",,,"5.1.1","2","VBW","Sb_VBW",,"SAA_5.1.1_Sb_VBW.csv",,,10,"mg/kg",,,,,,"Sadlowski","Kaiser","3","0.01",,1,0,0,0,0
"eQuant (OES)",0,1,0,"iCAP_OES_Report.Rmd",,"SAA 5.1.1 ICP-OES Rest- & Brennstoffe",,1,"OES Brennstoffe","Sb",,,"5.1.1","2","QC","Sb_NBS1633c","^NBS 1633c.+?","SAA_5.1.1_Sb_NBS1633c.csv",100,20,,"%",8.56,"mg/kg",,,,"Sadlowski","Kaiser","3","0.01",,1,0,0,0,0
"eQuant (OES)",0,1,0,"iCAP_OES_Report.Rmd",,"SAA 5.1.1 ICP-OES Rest- & Brennstoffe",,1,"OES Brennstoffe","Se","Se1960_472","Se1960_472","5.1.1","2","VBW","Se_VBW",,"SAA_5.1.1_Se_VBW.csv",,,10,"mg/kg",,,,,,"Sadlowski","Kaiser","3","0.01",,1,0,0,0,0
"eQuant (OES)",0,1,0,"iCAP_OES_Report.Rmd",,"SAA 5.1.1 ICP-OES Rest- & Brennstoffe",,1,"OES Brennstoffe","Se","Se1960_472","Se1960_472","5.1.1","2","QC","Se_NBS1633c","^NBS 1633c.+?","SAA_5.1.1_Se_NBS1633c.csv",100,20,,"%",13.9,"mg/kg",,,,"Sadlowski","Kaiser","3","0.01",,1,0,0,0,0
"eQuant (OES)",0,1,0,"iCAP_OES_Report.Rmd",,"SAA 5.1.1 ICP-OES Rest- & Brennstoffe",,1,"OES Brennstoffe","Sn","Sn1899_478","Sn1899_478","5.1.1","2","VBW","Sn_VBW",,"SAA_5.1.1_Sn_VBW.csv",,,10,"mg/kg",,,,,,"Sadlowski","Kaiser","3","0.01",,1,0,0,0,0
"eQuant (OES)",0,1,0,"iCAP_OES_Report.Rmd",,"SAA 5.1.1 ICP-OES Rest- & Brennstoffe",,1,"OES Brennstoffe","Sr",,,"5.1.1","2","VBW","Sr_VBW",,"SAA_5.1.1_Sr_VBW.csv",,,2.5,"mg/kg",,,,,,"Sadlowski","Kaiser","3","0.01",,1,0,0,0,0
"eQuant (OES)",0,1,0,"iCAP_OES_Report.Rmd",,"SAA 5.1.1 ICP-OES Rest- & Brennstoffe",,1,"OES Brennstoffe","Sr",,,"5.1.1","2","QC","Sr_NBS1633c","^NBS 1633c.+?","SAA_5.1.1_Sr_NBS1633c.csv",100,20,,"%",901,"mg/kg",,,,"Sadlowski","Kaiser","3","0.01",,1,0,0,0,0
"eQuant (OES)",0,1,0,"iCAP_OES_Report.Rmd",,"SAA 5.1.1 ICP-OES Rest- & Brennstoffe",,1,"OES Brennstoffe","Ti",,,"5.1.1","2","VBW","Ti_VBW",,"SAA_5.1.1_Ti_VBW.csv",,,2.5,"mg/kg",,,,,,"Sadlowski","Kaiser","3","0.01",,1,0,0,0,0
"eQuant (OES)",0,1,0,"iCAP_OES_Report.Rmd",,"SAA 5.1.1 ICP-OES Rest- & Brennstoffe",,1,"OES Brennstoffe","Ti",,,"5.1.1","2","QC","Ti_NBS1633c","^NBS 1633c.+?","SAA_5.1.1_Ti_NBS1633c.csv",100,20,,"%",724,"%",,,,"Sadlowski","Kaiser","3","0.01",,1,0,0,0,0
"eQuant (OES)",0,1,0,"iCAP_OES_Report.Rmd",,"SAA 5.1.1 ICP-OES Rest- & Brennstoffe",,1,"OES Brennstoffe","Tl",,,"5.1.1","2","VBW","Tl_VBW",,"SAA_5.1.1_Tl_VBW.csv",,,10,"mg/kg",,,,,,"Sadlowski","Kaiser","3","0.01",,1,0,0,0,0
"eQuant (OES)",0,1,0,"iCAP_OES_Report.Rmd",,"SAA 5.1.1 ICP-OES Rest- & Brennstoffe",,1,"OES Brennstoffe","V",,,"5.1.1","2","VBW","V_VBW",,"SAA_5.1.1_V_VBW.csv",,,2.5,"mg/kg",,,,,,"Sadlowski","Kaiser","3","0.01",,1,0,0,0,0
"eQuant (OES)",0,1,0,"iCAP_OES_Report.Rmd",,"SAA 5.1.1 ICP-OES Rest- & Brennstoffe",,1,"OES Brennstoffe","V",,,"5.1.1","2","QC","V_NBS1633c","^NBS 1633c.+?","SAA_5.1.1_V_NBS1633c.csv",100,20,,"%",286.2,"mg/kg",,,,"Sadlowski","Kaiser","3","0.01",,1,0,0,0,0
"eQuant (OES)",0,1,0,"iCAP_OES_Report.Rmd",,"SAA 5.1.1 ICP-OES Rest- & Brennstoffe",,1,"OES Brennstoffe","Zn",,,"5.1.1","2","VBW","Zn_VBW",,"SAA_5.1.1_Zn_VBW.csv",,,2.5,"mg/kg",,,,,,"Sadlowski","Kaiser","3","0.01",,1,0,0,0,0
"eQuant (OES)",0,1,0,"iCAP_OES_Report.Rmd",,"SAA 5.1.1 ICP-OES Rest- & Brennstoffe",,1,"OES Brennstoffe","Zn",,,"5.1.1","2","QC","Zn_NBS1633c","^NBS 1633c.+?","SAA_5.1.1_Zn_NBS1633c.csv",100,20,,"%",235,"mg/kg",,,,"Sadlowski","Kaiser","3","0.01",,1,0,0,0,0
"eQuant (OES)",0,1,0,"iCAP_OES_Report.Rmd","","SAA 1.5.1 ICP-OES in wässriger Matrix","",0,"OES Wasser","Ag",,,"1.5.1","1","VBW","Ag_VBW","^QC VBW","SAA_1.5.1_Ag_VBW.csv",,,10,"µg/L",,,,,,"Sadlowski","Kaiser","2","0.01",,1,0,0,0,1
"eQuant (OES)",0,1,0,"iCAP_OES_Report.Rmd","","SAA 1.5.1 ICP-OES in wässriger Matrix","",0,"OES Wasser","Ag",,,"1.5.1","1","QC","Ag_QC","^M.+?QC Spike","SAA_1.5.1_Ag_QC.csv",95,15,,"%",,,,,,"Sadlowski","Kaiser","2","0.01",,1,0,0,0,1
"eQuant (OES)",0,1,0,"iCAP_OES_Report.Rmd","","SAA 1.5.1 ICP-OES in wässriger Matrix","",0,"OES Wasser","Al",,,"1.5.1","1","VBW","Al_VBW","^QC VBW","SAA_1.5.1_Al_VBW.csv",,,20,"µg/L",,,,,,"Sadlowski","Kaiser","2","0.01",,1,0,0,0,1
"eQuant (OES)",0,1,0,"iCAP_OES_Report.Rmd","","SAA 1.5.1 ICP-OES in wässriger Matrix","",0,"OES Wasser","Al",,,"1.5.1","1","QC","Al_QC","^M.+?QC Spike","SAA_1.5.1_Al_QC.csv",100,15,,"%",,,,,,"Sadlowski","Kaiser","2","0.01",,1,0,0,0,1
"eQuant (OES)",0,1,0,"iCAP_OES_Report.Rmd","","SAA 1.5.1 ICP-OES in wässriger Matrix","",0,"OES Wasser","As",,,"1.5.1","1","VBW","As_VBW","^QC VBW","SAA_1.5.1_As_VBW.csv",,,20,"µg/L",,,,,,"Sadlowski","Kaiser","2","0.01",,1,0,0,0,1
"eQuant (OES)",0,1,0,"iCAP_OES_Report.Rmd","","SAA 1.5.1 ICP-OES in wässriger Matrix","",0,"OES Wasser","As",,,"1.5.1","1","QC","As_QC","^M.+?QC Spike","SAA_1.5.1_As_QC.csv",95,15,,"%",,,,,,"Sadlowski","Kaiser","2","0.01",,1,0,0,0,1
"eQuant (OES)",0,1,0,"iCAP_OES_Report.Rmd","","SAA 1.5.1 ICP-OES in wässriger Matrix","",0,"OES Wasser","B",,,"1.5.1","1","VBW","B_VBW","^QC VBW","SAA_1.5.1_B_VBW.csv",,,20,"µg/L",,,,,,"Sadlowski","Kaiser","2","0.01",,1,0,0,0,1
"eQuant (OES)",0,1,0,"iCAP_OES_Report.Rmd","","SAA 1.5.1 ICP-OES in wässriger Matrix","",0,"OES Wasser","B",,,"1.5.1","1","QC","B_QC","^M.+?QC Spike","SAA_1.5.1_B_QC.csv",95,15,,"%",,,,,,"Sadlowski","Kaiser","2","0.01",,1,0,0,0,1
"eQuant (OES)",0,1,0,"iCAP_OES_Report.Rmd","","SAA 1.5.1 ICP-OES in wässriger Matrix","",0,"OES Wasser","Ba",,,"1.5.1","1","VBW","Ba_VBW","^QC VBW","SAA_1.5.1_Ba_VBW.csv",,,5,"µg/L",,,,,,"Sadlowski","Kaiser","2","0.01",,1,0,0,0,1
"eQuant (OES)",0,1,0,"iCAP_OES_Report.Rmd","","SAA 1.5.1 ICP-OES in wässriger Matrix","",0,"OES Wasser","Ba",,,"1.5.1","1","QC","Ba_QC","^M.+?QC Spike","SAA_1.5.1_Ba_QC.csv",100,15,,"%",,,,,,"Sadlowski","Kaiser","2","0.01",,1,0,0,0,1
"eQuant (OES)",0,1,0,"iCAP_OES_Report.Rmd","","SAA 1.5.1 ICP-OES in wässriger Matrix","",0,"OES Wasser","Be",,,"1.5.1","1","VBW","Be_VBW","^QC VBW","SAA_1.5.1_Be_VBW.csv",,,5,"µg/L",,,,,,"Sadlowski","Kaiser","2","0.01",,1,0,0,0,1
"eQuant (OES)",0,1,0,"iCAP_OES_Report.Rmd","","SAA 1.5.1 ICP-OES in wässriger Matrix","",0,"OES Wasser","Be",,,"1.5.1","1","QC","Be_QC","^M.+?QC Spike","SAA_1.5.1_Be_QC.csv",90,15,,"%",,,,,,"Sadlowski","Kaiser","2","0.01",,1,0,0,0,1
"eQuant (OES)",0,1,0,"iCAP_OES_Report.Rmd","","SAA 1.5.1 ICP-OES in wässriger Matrix","",0,"OES Wasser","Bi",,,"1.5.1","1","VBW","Bi_VBW","^QC VBW","SAA_1.5.1_Bi_VBW.csv",,,20,"µg/L",,,,,,"Sadlowski","Kaiser","2","0.01",,1,0,0,0,1
"eQuant (OES)",0,1,0,"iCAP_OES_Report.Rmd","","SAA 1.5.1 ICP-OES in wässriger Matrix","",0,"OES Wasser","Bi",,,"1.5.1","1","QC","Bi_QC","^M.+?QC Spike","SAA_1.5.1_Bi_QC.csv",100,15,,"%",,,,,,"Sadlowski","Kaiser","2","0.01",,1,0,0,0,1
"eQuant (OES)",0,1,0,"iCAP_OES_Report.Rmd","","SAA 1.5.1 ICP-OES in wässriger Matrix","",0,"OES Wasser","Ca",,,"1.5.1","1","VBW","Ca_VBW","^QC VBW","SAA_1.5.1_Ca_VBW.csv",,,50,"µg/L",,,,,,"Sadlowski","Kaiser","2","0.01",,1,0,0,0,1
"eQuant (OES)",0,1,0,"iCAP_OES_Report.Rmd","","SAA 1.5.1 ICP-OES in wässriger Matrix","",0,"OES Wasser","Ca",,,"1.5.1","1","QC","Ca_QC","^M.+?QC Spike","SAA_1.5.1_Ca_QC.csv",100,15,,"%",,,,,,"Sadlowski","Kaiser","2","0.01",,1,0,0,0,1
"eQuant (OES)",0,1,0,"iCAP_OES_Report.Rmd","","SAA 1.5.1 ICP-OES in wässriger Matrix","",0,"OES Wasser","Cd",,,"1.5.1","1","VBW","Cd_VBW","^QC VBW","SAA_1.5.1_Cd_VBW.csv",,,5,"µg/L",,,,,,"Sadlowski","Kaiser","2","0.01",,1,0,0,0,1
"eQuant (OES)",0,1,0,"iCAP_OES_Report.Rmd","","SAA 1.5.1 ICP-OES in wässriger Matrix","",0,"OES Wasser","Cd",,,"1.5.1","1","QC","Cd_QC","^M.+?QC Spike","SAA_1.5.1_Cd_QC.csv",100,15,,"%",,,,,,"Sadlowski","Kaiser","2","0.01",,1,0,0,0,1
"eQuant (OES)",0,1,0,"iCAP_OES_Report.Rmd","","SAA 1.5.1 ICP-OES in wässriger Matrix","",0,"OES Wasser","Co",,,"1.5.1","1","VBW","Co_VBW","^QC VBW","SAA_1.5.1_Co_VBW.csv",,,5,"µg/L",,,,,,"Sadlowski","Kaiser","2","0.01",,1,0,0,0,1
"eQuant (OES)",0,1,0,"iCAP_OES_Report.Rmd","","SAA 1.5.1 ICP-OES in wässriger Matrix","",0,"OES Wasser","Co",,,"1.5.1","1","QC","Co_QC","^M.+?QC Spike","SAA_1.5.1_Co_QC.csv",95,15,,"%",,,,,,"Sadlowski","Kaiser","2","0.01",,1,0,0,0,1
"eQuant (OES)",0,1,0,"iCAP_OES_Report.Rmd","","SAA 1.5.1 ICP-OES in wässriger Matrix","",0,"OES Wasser","Cr",,,"1.5.1","1","VBW","Cr_VBW","^QC VBW","SAA_1.5.1_Cr_VBW.csv",,,5,"µg/L",,,,,,"Sadlowski","Kaiser","2","0.01",,1,0,0,0,1
"eQuant (OES)",0,1,0,"iCAP_OES_Report.Rmd","","SAA 1.5.1 ICP-OES in wässriger Matrix","",0,"OES Wasser","Cr",,,"1.5.1","1","QC","Cr_QC","^M.+?QC Spike","SAA_1.5.1_Cr_QC.csv",100,15,,"%",,,,,,"Sadlowski","Kaiser","2","0.01",,1,0,0,0,1
"eQuant (OES)",0,1,0,"iCAP_OES_Report.Rmd","","SAA 1.5.1 ICP-OES in wässriger Matrix","",0,"OES Wasser","Cu",,,"1.5.1","1","VBW","Cu_VBW","^QC VBW","SAA_1.5.1_Cu_VBW.csv",,,5,"µg/L",,,,,,"Sadlowski","Kaiser","2","0.01",,1,0,0,0,1
"eQuant (OES)",0,1,0,"iCAP_OES_Report.Rmd","","SAA 1.5.1 ICP-OES in wässriger Matrix","",0,"OES Wasser","Cu",,,"1.5.1","1","QC","Cu_QC","^M.+?QC Spike","SAA_1.5.1_Cu_QC.csv",95,15,,"%",,,,,,"Sadlowski","Kaiser","2","0.01",,1,0,0,0,1
"eQuant (OES)",0,1,0,"iCAP_OES_Report.Rmd","","SAA 1.5.1 ICP-OES in wässriger Matrix","",0,"OES Wasser","Fe",,,"1.5.1","1","VBW","Fe_VBW","^QC VBW","SAA_1.5.1_Fe_VBW.csv",,,5,"µg/L",,,,,,"Sadlowski","Kaiser","2","0.01",,1,0,0,0,1
"eQuant (OES)",0,1,0,"iCAP_OES_Report.Rmd","","SAA 1.5.1 ICP-OES in wässriger Matrix","",0,"OES Wasser","Fe",,,"1.5.1","1","QC","Fe_QC","^M.+?QC Spike","SAA_1.5.1_Fe_QC.csv",100,15,,"%",,,,,,"Sadlowski","Kaiser","2","0.01",,1,0,0,0,1
"eQuant (OES)",0,1,0,"iCAP_OES_Report.Rmd","","SAA 1.5.1 ICP-OES in wässriger Matrix","",0,"OES Wasser","K",,,"1.5.1","1","VBW","K_VBW","^QC VBW","SAA_1.5.1_K_VBW.csv",,,10,"µg/L",,,,,,"Sadlowski","Kaiser","2","0.01",,1,0,0,0,1
"eQuant (OES)",0,1,0,"iCAP_OES_Report.Rmd","","SAA 1.5.1 ICP-OES in wässriger Matrix","",0,"OES Wasser","K",,,"1.5.1","1","QC","K_QC","^M.+?QC Spike","SAA_1.5.1_K_QC.csv",100,15,,"%",,,,,,"Sadlowski","Kaiser","2","0.01",,1,0,0,0,1
"eQuant (OES)",0,1,0,"iCAP_OES_Report.Rmd","","SAA 1.5.1 ICP-OES in wässriger Matrix","",0,"OES Wasser","Li",,,"1.5.1","1","VBW","Li_VBW","^QC VBW","SAA_1.5.1_Li_VBW.csv",,,5,"µg/L",,,,,,"Sadlowski","Kaiser","2","0.01",,1,0,0,0,1
"eQuant (OES)",0,1,0,"iCAP_OES_Report.Rmd","","SAA 1.5.1 ICP-OES in wässriger Matrix","",0,"OES Wasser","Li",,,"1.5.1","1","QC","Li_QC","^M.+?QC Spike","SAA_1.5.1_Li_QC.csv",100,15,,"%",,,,,,"Sadlowski","Kaiser","2","0.01",,1,0,0,0,1
"eQuant (OES)",0,1,0,"iCAP_OES_Report.Rmd","","SAA 1.5.1 ICP-OES in wässriger Matrix","",0,"OES Wasser","Mg",,,"1.5.1","1","VBW","Mg_VBW","^QC VBW","SAA_1.5.1_Mg_VBW.csv",,,5,"µg/L",,,,,,"Sadlowski","Kaiser","2","0.01",,1,0,0,0,1
"eQuant (OES)",0,1,0,"iCAP_OES_Report.Rmd","","SAA 1.5.1 ICP-OES in wässriger Matrix","",0,"OES Wasser","Mg",,,"1.5.1","1","QC","Mg_QC","^M.+?QC Spike","SAA_1.5.1_Mg_QC.csv",100,15,,"%",,,,,,"Sadlowski","Kaiser","2","0.01",,1,0,0,0,1
"eQuant (OES)",0,1,0,"iCAP_OES_Report.Rmd","","SAA 1.5.1 ICP-OES in wässriger Matrix","",0,"OES Wasser","Mn",,,"1.5.1","1","VBW","Mn_VBW","^QC VBW","SAA_1.5.1_Mn_VBW.csv",,,5,"µg/L",,,,,,"Sadlowski","Kaiser","2","0.01",,1,0,0,0,1
"eQuant (OES)",0,1,0,"iCAP_OES_Report.Rmd","","SAA 1.5.1 ICP-OES in wässriger Matrix","",0,"OES Wasser","Mn",,,"1.5.1","1","QC","Mn_QC","^M.+?QC Spike","SAA_1.5.1_Mn_QC.csv",95,15,,"%",,,,,,"Sadlowski","Kaiser","2","0.01",,1,0,0,0,1
"eQuant (OES)",0,1,0,"iCAP_OES_Report.Rmd","","SAA 1.5.1 ICP-OES in wässriger Matrix","",0,"OES Wasser","Mo",,,"1.5.1","1","VBW","Mo_VBW","^QC VBW","SAA_1.5.1_Mo_VBW.csv",,,10,"µg/L",,,,,,"Sadlowski","Kaiser","2","0.01",,1,0,0,0,1
"eQuant (OES)",0,1,0,"iCAP_OES_Report.Rmd","","SAA 1.5.1 ICP-OES in wässriger Matrix","",0,"OES Wasser","Mo",,,"1.5.1","1","QC","Mo_QC","^M.+?QC Spike","SAA_1.5.1_Mo_QC.csv",90,15,,"%",,,,,,"Sadlowski","Kaiser","2","0.01",,1,0,0,0,1
"eQuant (OES)",0,1,0,"iCAP_OES_Report.Rmd","","SAA 1.5.1 ICP-OES in wässriger Matrix","",0,"OES Wasser","Na",,,"1.5.1","1","VBW","Na_VBW","^QC VBW","SAA_1.5.1_Na_VBW.csv",,,20,"µg/L",,,,,,"Sadlowski","Kaiser","2","0.01",,1,0,0,0,1
"eQuant (OES)",0,1,0,"iCAP_OES_Report.Rmd","","SAA 1.5.1 ICP-OES in wässriger Matrix","",0,"OES Wasser","Na",,,"1.5.1","1","QC","Na_QC","^M.+?QC Spike","SAA_1.5.1_Na_QC.csv",100,15,,"%",,,,,,"Sadlowski","Kaiser","2","0.01",,1,0,0,0,1
"eQuant (OES)",0,1,0,"iCAP_OES_Report.Rmd","","SAA 1.5.1 ICP-OES in wässriger Matrix","",0,"OES Wasser","Ni",,,"1.5.1","1","VBW","Ni_VBW","^QC VBW","SAA_1.5.1_Ni_VBW.csv",,,10,"µg/L",,,,,,"Sadlowski","Kaiser","2","0.01",,1,0,0,0,1
"eQuant (OES)",0,1,0,"iCAP_OES_Report.Rmd","","SAA 1.5.1 ICP-OES in wässriger Matrix","",0,"OES Wasser","Ni",,,"1.5.1","1","QC","Ni_QC","^M.+?QC Spike","SAA_1.5.1_Ni_QC.csv",100,15,,"%",,,,,,"Sadlowski","Kaiser","2","0.01",,1,0,0,0,1
"eQuant (OES)",0,1,0,"iCAP_OES_Report.Rmd","","SAA 1.5.1 ICP-OES in wässriger Matrix","",0,"OES Wasser","P",,,"1.5.1","1","VBW","P_VBW","^QC VBW","SAA_1.5.1_P_VBW.csv",,,20,"µg/L",,,,,,"Sadlowski","Kaiser","2","0.01",,1,0,0,0,1
"eQuant (OES)",0,1,0,"iCAP_OES_Report.Rmd","","SAA 1.5.1 ICP-OES in wässriger Matrix","",0,"OES Wasser","P",,,"1.5.1","1","QC","P_QC","^M.+?QC Spike","SAA_1.5.1_P_QC.csv",100,15,,"%",,,,,,"Sadlowski","Kaiser","2","0.01",,1,0,0,0,1
"eQuant (OES)",0,1,0,"iCAP_OES_Report.Rmd","","SAA 1.5.1 ICP-OES in wässriger Matrix","",0,"OES Wasser","Pb",,,"1.5.1","1","VBW","Pb_VBW","^QC VBW","SAA_1.5.1_Pb_VBW.csv",,,20,"µg/L",,,,,,"Sadlowski","Kaiser","2","0.01",,1,0,0,0,1
"eQuant (OES)",0,1,0,"iCAP_OES_Report.Rmd","","SAA 1.5.1 ICP-OES in wässriger Matrix","",0,"OES Wasser","Pb",,,"1.5.1","1","QC","Pb_QC","^M.+?QC Spike","SAA_1.5.1_Pb_QC.csv",100,15,,"%",,,,,,"Sadlowski","Kaiser","2","0.01",,1,0,0,0,1
"eQuant (OES)",0,1,0,"iCAP_OES_Report.Rmd","","SAA 1.5.1 ICP-OES in wässriger Matrix","",0,"OES Wasser","S",,,"1.5.1","1","VBW","S_VBW","^QC VBW","SAA_1.5.1_S_VBW.csv",,,20,"µg/L",,,,,,"Schastok","Kaiser","2","0.01",,1,0,0,0,1
"eQuant (OES)",0,1,0,"iCAP_OES_Report.Rmd","","SAA 1.5.1 ICP-OES in wässriger Matrix","",0,"OES Wasser","S",,,"1.5.1","1","QC","S_QC","^M.+?QC Spike","SAA_1.5.1_S_QC.csv",100,15,,"%",,,,,,"Schastok","Kaiser","2","0.01",,1,0,0,0,1
"eQuant (OES)",0,1,0,"iCAP_OES_Report.Rmd","","SAA 1.5.1 ICP-OES in wässriger Matrix","",0,"OES Wasser","Sb",,,"1.5.1","1","VBW","Sb_VBW","^QC VBW","SAA_1.5.1_Sb_VBW.csv",,,20,"µg/L",,,,,,"Sadlowski","Kaiser","2","0.01",,1,0,0,0,1
"eQuant (OES)",0,1,0,"iCAP_OES_Report.Rmd","","SAA 1.5.1 ICP-OES in wässriger Matrix","",0,"OES Wasser","Sb",,,"1.5.1","1","QC","Sb_QC","^M.+?QC Spike","SAA_1.5.1_Sb_QC.csv",100,15,,"%",,,,,,"Sadlowski","Kaiser","2","0.01",,1,0,0,0,1
"eQuant (OES)",0,1,0,"iCAP_OES_Report.Rmd","","SAA 1.5.1 ICP-OES in wässriger Matrix","",0,"OES Wasser","Se",,,"1.5.1","1","VBW","Se_VBW","^QC VBW","SAA_1.5.1_Se_VBW.csv",,,20,"µg/L",,,,,,"Schastok","Kaiser","2","0.01",,1,0,0,0,1
"eQuant (OES)",0,1,0,"iCAP_OES_Report.Rmd","","SAA 1.5.1 ICP-OES in wässriger Matrix","",0,"OES Wasser","Se",,,"1.5.1","1","QC","Se_QC","^M.+?QC Spike","SAA_1.5.1_Se_QC.csv",100,15,,"%",,,,,,"Schastok","Kaiser","2","0.01",,1,0,0,0,1
"eQuant (OES)",0,1,0,"iCAP_OES_Report.Rmd","","SAA 1.5.1 ICP-OES in wässriger Matrix","",0,"OES Wasser","Sn",,,"1.5.1","1","VBW","Sn_VBW","^QC VBW","SAA_1.5.1_Sn_VBW.csv",,,20,"µg/L",,,,,,"Schastok","Kaiser","2","0.01",,1,0,0,0,1
"eQuant (OES)",0,1,0,"iCAP_OES_Report.Rmd","","SAA 1.5.1 ICP-OES in wässriger Matrix","",0,"OES Wasser","Sn",,,"1.5.1","1","QC","Sn_QC","^M.+?QC Spike","SAA_1.5.1_Sn_QC.csv",100,15,,"%",,,,,,"Schastok","Kaiser","2","0.01",,1,0,0,0,1
"eQuant (OES)",0,1,0,"iCAP_OES_Report.Rmd","","SAA 1.5.1 ICP-OES in wässriger Matrix","",0,"OES Wasser","Sr",,,"1.5.1","1","VBW","Sr_VBW","^QC VBW","SAA_1.5.1_Sr_VBW.csv",,,5,"µg/L",,,,,,"Sadlowski","Kaiser","2","0.01",,1,0,0,0,1
"eQuant (OES)",0,1,0,"iCAP_OES_Report.Rmd","","SAA 1.5.1 ICP-OES in wässriger Matrix","",0,"OES Wasser","Sr",,,"1.5.1","1","QC","Sr_QC","^M.+?QC Spike","SAA_1.5.1_Sr_QC.csv",100,15,,"%",,,,,,"Sadlowski","Kaiser","2","0.01",,1,0,0,0,1
"eQuant (OES)",0,1,0,"iCAP_OES_Report.Rmd",,"SAA 5.1.1 ICP-OES Ölpellets",,1,"OES Oelpellets","Ni","Ni 221.647 {452} (Axial)",,"5.1.1","2","VBW","Ni_VBW","^VBW","SAA_5.1.1_Ni_VBW.csv",,,0.02,"mg/L",,,,,,"Dronov","Kaiser","3","0.01",,1,0,0,1,0
"eQuant (OES)",0,1,0,"iCAP_OES_Report.Rmd",,"SAA 5.1.1 ICP-OES Ölpellets",,1,"OES Oelpellets","Ni","Ni 221.647 {452} (Axial)",,"5.1.1","2","QC","Ni QC","^QC","SAA_5.1.1_Ni_QC.csv",100,20,,"%",1,"mg/L",,,,"Dronov","Kaiser","3","0.01",,1,0,0,1,0
"eQuant (OES)",0,1,0,"iCAP_OES_Report.Rmd",,"SAA 5.1.1 ICP-OES Ölpellets",,1,"OES Oelpellets","V","V 309.311 {109} (Axial)",,"5.1.1","2","VBW","V_VBW","^VBW","SAA_5.1.1_V_VBW.csv",,,0.01,"mg/L",,,,,,"Dronov","Kaiser","3","0.01",,1,0,0,1,0
"eQuant (OES)",0,1,0,"iCAP_OES_Report.Rmd",,"SAA 5.1.1 ICP-OES Ölpellets",,1,"OES Oelpellets","V","V 309.311 {109} (Axial)",,"5.1.1","2","QC","V_QC","^QC","SAA_5.1.1_V_QC.csv",100,20,,"%",1,"mg/L",,,,"Dronov","Kaiser","3","0.01",,1,0,0,1,0
"eQuant (OES)",0,1,0,"iCAP_OES_Report.Rmd",,"SAA 5.1.1 ICP-OES ÖlpelletsTEST",,1,"OES Oelpellets","Ni",,,"5.1.1","2","VBW","Ni_VBW","^VBW","SAA_5.1.1_Ni_VBW.csv",,,0.02,"mg/L",,,,,,"Dronov","Kaiser","3","0.01",,1,0,0,1,0
"eQuant (OES)",0,1,0,"iCAP_OES_Report.Rmd",,"SAA 5.1.1 ICP-OES ÖlpelletsTEST",,1,"OES Oelpellets","Ni",,,"5.1.1","2","QC","Ni QC","^QC","SAA_5.1.1_Ni_QC.csv",100,20,,"%",1,"mg/L",,,,"Dronov","Kaiser","3","0.01",,1,0,0,1,0
"eQuant (OES)",0,1,0,"iCAP_OES_Report.Rmd",,"SAA 5.1.1 ICP-OES ÖlpelletsTEST",,1,"OES Oelpellets","V",,,"5.1.1","2","VBW","V_VBW","^VBW","SAA_5.1.1_V_VBW.csv",,,0.01,"mg/L",,,,,,"Dronov","Kaiser","3","0.01",,1,0,0,1,0
"eQuant (OES)",0,1,0,"iCAP_OES_Report.Rmd",,"SAA 5.1.1 ICP-OES ÖlpelletsTEST",,1,"OES Oelpellets","V",,,"5.1.1","2","QC","V_QC","^QC","SAA_5.1.1_V_QC.csv",100,20,,"%",1,"mg/L",,,,"Dronov","Kaiser","3","0.01",,1,0,0,1,0
